"Fachbereich";"Fachrichtung";"Personalkategorie";"Geschlecht";"Amount";"research_area"
"Geistes- und Sozialwissenschaften";"Geist./Sozialwiss., übrige";"Professor/innen";"Mann";9;"SSH"
"Geistes- und Sozialwissenschaften";"Geist./Sozialwiss., übrige";"Professor/innen";"Frau";3;"SSH"
"Geistes- und Sozialwissenschaften";"Geist./Sozialwiss., übrige";"Professor/innen";"Total";12;"SSH"
"Geistes- und Sozialwissenschaften";"Geist./Sozialwiss., übrige";"Übrige Dozierende";"Mann";113;"SSH"
"Geistes- und Sozialwissenschaften";"Geist./Sozialwiss., übrige";"Übrige Dozierende";"Frau";53;"SSH"
"Geistes- und Sozialwissenschaften";"Geist./Sozialwiss., übrige";"Übrige Dozierende";"Total";166;"SSH"
"Geistes- und Sozialwissenschaften";"Geist./Sozialwiss., übrige";"Wissenschaftliche Mitarbeitende";"Mann";26;"SSH"
"Geistes- und Sozialwissenschaften";"Geist./Sozialwiss., übrige";"Wissenschaftliche Mitarbeitende";"Frau";40;"SSH"
"Geistes- und Sozialwissenschaften";"Geist./Sozialwiss., übrige";"Wissenschaftliche Mitarbeitende";"Total";66;"SSH"
"Geistes- und Sozialwissenschaften";"Geist./Sozialwiss., übrige";"Assistierende und Doktorierende";"Mann";55;"SSH"
"Geistes- und Sozialwissenschaften";"Geist./Sozialwiss., übrige";"Assistierende und Doktorierende";"Frau";55;"SSH"
"Geistes- und Sozialwissenschaften";"Geist./Sozialwiss., übrige";"Assistierende und Doktorierende";"Total";110;"SSH"
"Geistes- und Sozialwissenschaften";"Geist./Sozialwiss., übrige";"Professor/innen";"Mann";NA;"SSH"
"Geistes- und Sozialwissenschaften";"Geist./Sozialwiss., übrige";"Professor/innen";"Frau";NA;"SSH"
"Geistes- und Sozialwissenschaften";"Geist./Sozialwiss., übrige";"Professor/innen";"Total";NA;"SSH"
"Geistes- und Sozialwissenschaften";"Lehrkräfteausb. Sekundarstufe I (Phil. I)";"Übrige Dozierende";"Mann";20;"SSH"
"Geistes- und Sozialwissenschaften";"Lehrkräfteausb. Sekundarstufe I (Phil. I)";"Übrige Dozierende";"Frau";16;"SSH"
"Geistes- und Sozialwissenschaften";"Lehrkräfteausb. Sekundarstufe I (Phil. I)";"Übrige Dozierende";"Total";36;"SSH"
"Geistes- und Sozialwissenschaften";"Lehrkräfteausb. Sekundarstufe I (Phil. I)";"Wissenschaftliche Mitarbeitende";"Mann";4;"SSH"
"Geistes- und Sozialwissenschaften";"Lehrkräfteausb. Sekundarstufe I (Phil. I)";"Wissenschaftliche Mitarbeitende";"Frau";NA;"SSH"
"Geistes- und Sozialwissenschaften";"Lehrkräfteausb. Sekundarstufe I (Phil. I)";"Wissenschaftliche Mitarbeitende";"Total";5;"SSH"
"Geistes- und Sozialwissenschaften";"Lehrkräfteausb. Sekundarstufe I (Phil. I)";"Assistierende und Doktorierende";"Mann";3;"SSH"
"Geistes- und Sozialwissenschaften";"Lehrkräfteausb. Sekundarstufe I (Phil. I)";"Assistierende und Doktorierende";"Frau";4;"SSH"
"Geistes- und Sozialwissenschaften";"Lehrkräfteausb. Sekundarstufe I (Phil. I)";"Assistierende und Doktorierende";"Total";7;"SSH"
"Geistes- und Sozialwissenschaften";"Theologie fächerübergr./übrige";"Professor/innen";"Mann";18;"SSH"
"Geistes- und Sozialwissenschaften";"Theologie fächerübergr./übrige";"Professor/innen";"Frau";8;"SSH"
"Geistes- und Sozialwissenschaften";"Theologie fächerübergr./übrige";"Professor/innen";"Total";26;"SSH"
"Geistes- und Sozialwissenschaften";"Theologie fächerübergr./übrige";"Übrige Dozierende";"Mann";46;"SSH"
"Geistes- und Sozialwissenschaften";"Theologie fächerübergr./übrige";"Übrige Dozierende";"Frau";25;"SSH"
"Geistes- und Sozialwissenschaften";"Theologie fächerübergr./übrige";"Übrige Dozierende";"Total";71;"SSH"
"Geistes- und Sozialwissenschaften";"Theologie fächerübergr./übrige";"Wissenschaftliche Mitarbeitende";"Mann";22;"SSH"
"Geistes- und Sozialwissenschaften";"Theologie fächerübergr./übrige";"Wissenschaftliche Mitarbeitende";"Frau";22;"SSH"
"Geistes- und Sozialwissenschaften";"Theologie fächerübergr./übrige";"Wissenschaftliche Mitarbeitende";"Total";44;"SSH"
"Geistes- und Sozialwissenschaften";"Theologie fächerübergr./übrige";"Assistierende und Doktorierende";"Mann";29;"SSH"
"Geistes- und Sozialwissenschaften";"Theologie fächerübergr./übrige";"Assistierende und Doktorierende";"Frau";55;"SSH"
"Geistes- und Sozialwissenschaften";"Theologie fächerübergr./übrige";"Assistierende und Doktorierende";"Total";84;"SSH"
"Geistes- und Sozialwissenschaften";"Protestantische Theologie";"Professor/innen";"Mann";33;"SSH"
"Geistes- und Sozialwissenschaften";"Protestantische Theologie";"Professor/innen";"Frau";7;"SSH"
"Geistes- und Sozialwissenschaften";"Protestantische Theologie";"Professor/innen";"Total";40;"SSH"
"Geistes- und Sozialwissenschaften";"Protestantische Theologie";"Übrige Dozierende";"Mann";23;"SSH"
"Geistes- und Sozialwissenschaften";"Protestantische Theologie";"Übrige Dozierende";"Frau";13;"SSH"
"Geistes- und Sozialwissenschaften";"Protestantische Theologie";"Übrige Dozierende";"Total";36;"SSH"
"Geistes- und Sozialwissenschaften";"Protestantische Theologie";"Wissenschaftliche Mitarbeitende";"Mann";36;"SSH"
"Geistes- und Sozialwissenschaften";"Protestantische Theologie";"Wissenschaftliche Mitarbeitende";"Frau";28;"SSH"
"Geistes- und Sozialwissenschaften";"Protestantische Theologie";"Wissenschaftliche Mitarbeitende";"Total";64;"SSH"
"Geistes- und Sozialwissenschaften";"Protestantische Theologie";"Assistierende und Doktorierende";"Mann";46;"SSH"
"Geistes- und Sozialwissenschaften";"Protestantische Theologie";"Assistierende und Doktorierende";"Frau";62;"SSH"
"Geistes- und Sozialwissenschaften";"Protestantische Theologie";"Assistierende und Doktorierende";"Total";108;"SSH"
"Geistes- und Sozialwissenschaften";"Römisch-katholische Theologie";"Professor/innen";"Mann";24;"SSH"
"Geistes- und Sozialwissenschaften";"Römisch-katholische Theologie";"Professor/innen";"Frau";6;"SSH"
"Geistes- und Sozialwissenschaften";"Römisch-katholische Theologie";"Professor/innen";"Total";30;"SSH"
"Geistes- und Sozialwissenschaften";"Römisch-katholische Theologie";"Übrige Dozierende";"Mann";40;"SSH"
"Geistes- und Sozialwissenschaften";"Römisch-katholische Theologie";"Übrige Dozierende";"Frau";13;"SSH"
"Geistes- und Sozialwissenschaften";"Römisch-katholische Theologie";"Übrige Dozierende";"Total";53;"SSH"
"Geistes- und Sozialwissenschaften";"Römisch-katholische Theologie";"Wissenschaftliche Mitarbeitende";"Mann";9;"SSH"
"Geistes- und Sozialwissenschaften";"Römisch-katholische Theologie";"Wissenschaftliche Mitarbeitende";"Frau";5;"SSH"
"Geistes- und Sozialwissenschaften";"Römisch-katholische Theologie";"Wissenschaftliche Mitarbeitende";"Total";14;"SSH"
"Geistes- und Sozialwissenschaften";"Römisch-katholische Theologie";"Assistierende und Doktorierende";"Mann";26;"SSH"
"Geistes- und Sozialwissenschaften";"Römisch-katholische Theologie";"Assistierende und Doktorierende";"Frau";25;"SSH"
"Geistes- und Sozialwissenschaften";"Römisch-katholische Theologie";"Assistierende und Doktorierende";"Total";51;"SSH"
"Geistes- und Sozialwissenschaften";"Christkatholische Theologie";"Professor/innen";"Mann";NA;"SSH"
"Geistes- und Sozialwissenschaften";"Christkatholische Theologie";"Professor/innen";"Frau";NA;"SSH"
"Geistes- und Sozialwissenschaften";"Christkatholische Theologie";"Professor/innen";"Total";3;"SSH"
"Geistes- und Sozialwissenschaften";"Christkatholische Theologie";"Übrige Dozierende";"Mann";NA;"SSH"
"Geistes- und Sozialwissenschaften";"Christkatholische Theologie";"Übrige Dozierende";"Frau";NA;"SSH"
"Geistes- und Sozialwissenschaften";"Christkatholische Theologie";"Übrige Dozierende";"Total";NA;"SSH"
"Geistes- und Sozialwissenschaften";"Christkatholische Theologie";"Wissenschaftliche Mitarbeitende";"Mann";NA;"SSH"
"Geistes- und Sozialwissenschaften";"Christkatholische Theologie";"Wissenschaftliche Mitarbeitende";"Frau";NA;"SSH"
"Geistes- und Sozialwissenschaften";"Christkatholische Theologie";"Wissenschaftliche Mitarbeitende";"Total";NA;"SSH"
"Geistes- und Sozialwissenschaften";"Christkatholische Theologie";"Assistierende und Doktorierende";"Mann";NA;"SSH"
"Geistes- und Sozialwissenschaften";"Christkatholische Theologie";"Assistierende und Doktorierende";"Frau";5;"SSH"
"Geistes- und Sozialwissenschaften";"Christkatholische Theologie";"Assistierende und Doktorierende";"Total";7;"SSH"
"Geistes- und Sozialwissenschaften";"Philosophie";"Professor/innen";"Mann";37;"SSH"
"Geistes- und Sozialwissenschaften";"Philosophie";"Professor/innen";"Frau";14;"SSH"
"Geistes- und Sozialwissenschaften";"Philosophie";"Professor/innen";"Total";51;"SSH"
"Geistes- und Sozialwissenschaften";"Philosophie";"Übrige Dozierende";"Mann";49;"SSH"
"Geistes- und Sozialwissenschaften";"Philosophie";"Übrige Dozierende";"Frau";13;"SSH"
"Geistes- und Sozialwissenschaften";"Philosophie";"Übrige Dozierende";"Total";62;"SSH"
"Geistes- und Sozialwissenschaften";"Philosophie";"Wissenschaftliche Mitarbeitende";"Mann";55;"SSH"
"Geistes- und Sozialwissenschaften";"Philosophie";"Wissenschaftliche Mitarbeitende";"Frau";27;"SSH"
"Geistes- und Sozialwissenschaften";"Philosophie";"Wissenschaftliche Mitarbeitende";"Total";82;"SSH"
"Geistes- und Sozialwissenschaften";"Philosophie";"Assistierende und Doktorierende";"Mann";92;"SSH"
"Geistes- und Sozialwissenschaften";"Philosophie";"Assistierende und Doktorierende";"Frau";60;"SSH"
"Geistes- und Sozialwissenschaften";"Philosophie";"Assistierende und Doktorierende";"Total";152;"SSH"
"Geistes- und Sozialwissenschaften";"SLW fächerübergr./übrige";"Professor/innen";"Mann";15;"SSH"
"Geistes- und Sozialwissenschaften";"SLW fächerübergr./übrige";"Professor/innen";"Frau";6;"SSH"
"Geistes- und Sozialwissenschaften";"SLW fächerübergr./übrige";"Professor/innen";"Total";21;"SSH"
"Geistes- und Sozialwissenschaften";"SLW fächerübergr./übrige";"Übrige Dozierende";"Mann";15;"SSH"
"Geistes- und Sozialwissenschaften";"SLW fächerübergr./übrige";"Übrige Dozierende";"Frau";12;"SSH"
"Geistes- und Sozialwissenschaften";"SLW fächerübergr./übrige";"Übrige Dozierende";"Total";27;"SSH"
"Geistes- und Sozialwissenschaften";"SLW fächerübergr./übrige";"Wissenschaftliche Mitarbeitende";"Mann";23;"SSH"
"Geistes- und Sozialwissenschaften";"SLW fächerübergr./übrige";"Wissenschaftliche Mitarbeitende";"Frau";38;"SSH"
"Geistes- und Sozialwissenschaften";"SLW fächerübergr./übrige";"Wissenschaftliche Mitarbeitende";"Total";61;"SSH"
"Geistes- und Sozialwissenschaften";"SLW fächerübergr./übrige";"Assistierende und Doktorierende";"Mann";31;"SSH"
"Geistes- und Sozialwissenschaften";"SLW fächerübergr./übrige";"Assistierende und Doktorierende";"Frau";75;"SSH"
"Geistes- und Sozialwissenschaften";"SLW fächerübergr./übrige";"Assistierende und Doktorierende";"Total";106;"SSH"
"Geistes- und Sozialwissenschaften";"Linguistik";"Professor/innen";"Mann";15;"SSH"
"Geistes- und Sozialwissenschaften";"Linguistik";"Professor/innen";"Frau";8;"SSH"
"Geistes- und Sozialwissenschaften";"Linguistik";"Professor/innen";"Total";23;"SSH"
"Geistes- und Sozialwissenschaften";"Linguistik";"Übrige Dozierende";"Mann";11;"SSH"
"Geistes- und Sozialwissenschaften";"Linguistik";"Übrige Dozierende";"Frau";5;"SSH"
"Geistes- und Sozialwissenschaften";"Linguistik";"Übrige Dozierende";"Total";16;"SSH"
"Geistes- und Sozialwissenschaften";"Linguistik";"Wissenschaftliche Mitarbeitende";"Mann";37;"SSH"
"Geistes- und Sozialwissenschaften";"Linguistik";"Wissenschaftliche Mitarbeitende";"Frau";29;"SSH"
"Geistes- und Sozialwissenschaften";"Linguistik";"Wissenschaftliche Mitarbeitende";"Total";66;"SSH"
"Geistes- und Sozialwissenschaften";"Linguistik";"Assistierende und Doktorierende";"Mann";48;"SSH"
"Geistes- und Sozialwissenschaften";"Linguistik";"Assistierende und Doktorierende";"Frau";61;"SSH"
"Geistes- und Sozialwissenschaften";"Linguistik";"Assistierende und Doktorierende";"Total";109;"SSH"
"Geistes- und Sozialwissenschaften";"Deutsche SLW";"Professor/innen";"Mann";26;"SSH"
"Geistes- und Sozialwissenschaften";"Deutsche SLW";"Professor/innen";"Frau";22;"SSH"
"Geistes- und Sozialwissenschaften";"Deutsche SLW";"Professor/innen";"Total";48;"SSH"
"Geistes- und Sozialwissenschaften";"Deutsche SLW";"Übrige Dozierende";"Mann";31;"SSH"
"Geistes- und Sozialwissenschaften";"Deutsche SLW";"Übrige Dozierende";"Frau";36;"SSH"
"Geistes- und Sozialwissenschaften";"Deutsche SLW";"Übrige Dozierende";"Total";67;"SSH"
"Geistes- und Sozialwissenschaften";"Deutsche SLW";"Wissenschaftliche Mitarbeitende";"Mann";42;"SSH"
"Geistes- und Sozialwissenschaften";"Deutsche SLW";"Wissenschaftliche Mitarbeitende";"Frau";41;"SSH"
"Geistes- und Sozialwissenschaften";"Deutsche SLW";"Wissenschaftliche Mitarbeitende";"Total";83;"SSH"
"Geistes- und Sozialwissenschaften";"Deutsche SLW";"Assistierende und Doktorierende";"Mann";68;"SSH"
"Geistes- und Sozialwissenschaften";"Deutsche SLW";"Assistierende und Doktorierende";"Frau";127;"SSH"
"Geistes- und Sozialwissenschaften";"Deutsche SLW";"Assistierende und Doktorierende";"Total";195;"SSH"
"Geistes- und Sozialwissenschaften";"Französische SLW";"Professor/innen";"Mann";29;"SSH"
"Geistes- und Sozialwissenschaften";"Französische SLW";"Professor/innen";"Frau";19;"SSH"
"Geistes- und Sozialwissenschaften";"Französische SLW";"Professor/innen";"Total";48;"SSH"
"Geistes- und Sozialwissenschaften";"Französische SLW";"Übrige Dozierende";"Mann";38;"SSH"
"Geistes- und Sozialwissenschaften";"Französische SLW";"Übrige Dozierende";"Frau";57;"SSH"
"Geistes- und Sozialwissenschaften";"Französische SLW";"Übrige Dozierende";"Total";95;"SSH"
"Geistes- und Sozialwissenschaften";"Französische SLW";"Wissenschaftliche Mitarbeitende";"Mann";24;"SSH"
"Geistes- und Sozialwissenschaften";"Französische SLW";"Wissenschaftliche Mitarbeitende";"Frau";33;"SSH"
"Geistes- und Sozialwissenschaften";"Französische SLW";"Wissenschaftliche Mitarbeitende";"Total";57;"SSH"
"Geistes- und Sozialwissenschaften";"Französische SLW";"Assistierende und Doktorierende";"Mann";37;"SSH"
"Geistes- und Sozialwissenschaften";"Französische SLW";"Assistierende und Doktorierende";"Frau";70;"SSH"
"Geistes- und Sozialwissenschaften";"Französische SLW";"Assistierende und Doktorierende";"Total";107;"SSH"
"Geistes- und Sozialwissenschaften";"Italienische SLW";"Professor/innen";"Mann";10;"SSH"
"Geistes- und Sozialwissenschaften";"Italienische SLW";"Professor/innen";"Frau";4;"SSH"
"Geistes- und Sozialwissenschaften";"Italienische SLW";"Professor/innen";"Total";14;"SSH"
"Geistes- und Sozialwissenschaften";"Italienische SLW";"Übrige Dozierende";"Mann";27;"SSH"
"Geistes- und Sozialwissenschaften";"Italienische SLW";"Übrige Dozierende";"Frau";21;"SSH"
"Geistes- und Sozialwissenschaften";"Italienische SLW";"Übrige Dozierende";"Total";48;"SSH"
"Geistes- und Sozialwissenschaften";"Italienische SLW";"Wissenschaftliche Mitarbeitende";"Mann";7;"SSH"
"Geistes- und Sozialwissenschaften";"Italienische SLW";"Wissenschaftliche Mitarbeitende";"Frau";7;"SSH"
"Geistes- und Sozialwissenschaften";"Italienische SLW";"Wissenschaftliche Mitarbeitende";"Total";14;"SSH"
"Geistes- und Sozialwissenschaften";"Italienische SLW";"Assistierende und Doktorierende";"Mann";7;"SSH"
"Geistes- und Sozialwissenschaften";"Italienische SLW";"Assistierende und Doktorierende";"Frau";22;"SSH"
"Geistes- und Sozialwissenschaften";"Italienische SLW";"Assistierende und Doktorierende";"Total";29;"SSH"
"Geistes- und Sozialwissenschaften";"Rätoromanische SLW";"Professor/innen";"Mann";NA;"SSH"
"Geistes- und Sozialwissenschaften";"Rätoromanische SLW";"Professor/innen";"Frau";NA;"SSH"
"Geistes- und Sozialwissenschaften";"Rätoromanische SLW";"Professor/innen";"Total";4;"SSH"
"Geistes- und Sozialwissenschaften";"Rätoromanische SLW";"Übrige Dozierende";"Mann";NA;"SSH"
"Geistes- und Sozialwissenschaften";"Rätoromanische SLW";"Übrige Dozierende";"Frau";6;"SSH"
"Geistes- und Sozialwissenschaften";"Rätoromanische SLW";"Übrige Dozierende";"Total";8;"SSH"
"Geistes- und Sozialwissenschaften";"Rätoromanische SLW";"Wissenschaftliche Mitarbeitende";"Mann";NA;"SSH"
"Geistes- und Sozialwissenschaften";"Rätoromanische SLW";"Wissenschaftliche Mitarbeitende";"Frau";3;"SSH"
"Geistes- und Sozialwissenschaften";"Rätoromanische SLW";"Wissenschaftliche Mitarbeitende";"Total";5;"SSH"
"Geistes- und Sozialwissenschaften";"Rätoromanische SLW";"Assistierende und Doktorierende";"Mann";5;"SSH"
"Geistes- und Sozialwissenschaften";"Rätoromanische SLW";"Assistierende und Doktorierende";"Frau";6;"SSH"
"Geistes- und Sozialwissenschaften";"Rätoromanische SLW";"Assistierende und Doktorierende";"Total";11;"SSH"
"Geistes- und Sozialwissenschaften";"Andere mod. Sprachen Europas";"Professor/innen";"Mann";NA;"SSH"
"Geistes- und Sozialwissenschaften";"Andere mod. Sprachen Europas";"Professor/innen";"Frau";NA;"SSH"
"Geistes- und Sozialwissenschaften";"Andere mod. Sprachen Europas";"Professor/innen";"Total";3;"SSH"
"Geistes- und Sozialwissenschaften";"Andere mod. Sprachen Europas";"Übrige Dozierende";"Mann";3;"SSH"
"Geistes- und Sozialwissenschaften";"Andere mod. Sprachen Europas";"Übrige Dozierende";"Frau";3;"SSH"
"Geistes- und Sozialwissenschaften";"Andere mod. Sprachen Europas";"Übrige Dozierende";"Total";6;"SSH"
"Geistes- und Sozialwissenschaften";"Andere mod. Sprachen Europas";"Wissenschaftliche Mitarbeitende";"Mann";NA;"SSH"
"Geistes- und Sozialwissenschaften";"Andere mod. Sprachen Europas";"Wissenschaftliche Mitarbeitende";"Frau";NA;"SSH"
"Geistes- und Sozialwissenschaften";"Andere mod. Sprachen Europas";"Wissenschaftliche Mitarbeitende";"Total";NA;"SSH"
"Geistes- und Sozialwissenschaften";"Andere mod. Sprachen Europas";"Assistierende und Doktorierende";"Mann";NA;"SSH"
"Geistes- und Sozialwissenschaften";"Andere mod. Sprachen Europas";"Assistierende und Doktorierende";"Frau";3;"SSH"
"Geistes- und Sozialwissenschaften";"Andere mod. Sprachen Europas";"Assistierende und Doktorierende";"Total";3;"SSH"
"Geistes- und Sozialwissenschaften";"Iberische SLW";"Professor/innen";"Mann";5;"SSH"
"Geistes- und Sozialwissenschaften";"Iberische SLW";"Professor/innen";"Frau";5;"SSH"
"Geistes- und Sozialwissenschaften";"Iberische SLW";"Professor/innen";"Total";10;"SSH"
"Geistes- und Sozialwissenschaften";"Iberische SLW";"Übrige Dozierende";"Mann";13;"SSH"
"Geistes- und Sozialwissenschaften";"Iberische SLW";"Übrige Dozierende";"Frau";15;"SSH"
"Geistes- und Sozialwissenschaften";"Iberische SLW";"Übrige Dozierende";"Total";28;"SSH"
"Geistes- und Sozialwissenschaften";"Iberische SLW";"Wissenschaftliche Mitarbeitende";"Mann";NA;"SSH"
"Geistes- und Sozialwissenschaften";"Iberische SLW";"Wissenschaftliche Mitarbeitende";"Frau";3;"SSH"
"Geistes- und Sozialwissenschaften";"Iberische SLW";"Wissenschaftliche Mitarbeitende";"Total";5;"SSH"
"Geistes- und Sozialwissenschaften";"Iberische SLW";"Assistierende und Doktorierende";"Mann";9;"SSH"
"Geistes- und Sozialwissenschaften";"Iberische SLW";"Assistierende und Doktorierende";"Frau";25;"SSH"
"Geistes- und Sozialwissenschaften";"Iberische SLW";"Assistierende und Doktorierende";"Total";34;"SSH"
"Geistes- und Sozialwissenschaften";"Neugriechische SLW";"Professor/innen";"Mann";NA;"SSH"
"Geistes- und Sozialwissenschaften";"Neugriechische SLW";"Professor/innen";"Frau";NA;"SSH"
"Geistes- und Sozialwissenschaften";"Neugriechische SLW";"Professor/innen";"Total";NA;"SSH"
"Geistes- und Sozialwissenschaften";"Neugriechische SLW";"Übrige Dozierende";"Mann";NA;"SSH"
"Geistes- und Sozialwissenschaften";"Neugriechische SLW";"Übrige Dozierende";"Frau";NA;"SSH"
"Geistes- und Sozialwissenschaften";"Neugriechische SLW";"Übrige Dozierende";"Total";NA;"SSH"
"Geistes- und Sozialwissenschaften";"Neugriechische SLW";"Wissenschaftliche Mitarbeitende";"Mann";NA;"SSH"
"Geistes- und Sozialwissenschaften";"Neugriechische SLW";"Wissenschaftliche Mitarbeitende";"Frau";NA;"SSH"
"Geistes- und Sozialwissenschaften";"Neugriechische SLW";"Wissenschaftliche Mitarbeitende";"Total";NA;"SSH"
"Geistes- und Sozialwissenschaften";"Neugriechische SLW";"Assistierende und Doktorierende";"Mann";NA;"SSH"
"Geistes- und Sozialwissenschaften";"Neugriechische SLW";"Assistierende und Doktorierende";"Frau";NA;"SSH"
"Geistes- und Sozialwissenschaften";"Neugriechische SLW";"Assistierende und Doktorierende";"Total";NA;"SSH"
"Geistes- und Sozialwissenschaften";"Englische SLW";"Professor/innen";"Mann";16;"SSH"
"Geistes- und Sozialwissenschaften";"Englische SLW";"Professor/innen";"Frau";26;"SSH"
"Geistes- und Sozialwissenschaften";"Englische SLW";"Professor/innen";"Total";42;"SSH"
"Geistes- und Sozialwissenschaften";"Englische SLW";"Übrige Dozierende";"Mann";28;"SSH"
"Geistes- und Sozialwissenschaften";"Englische SLW";"Übrige Dozierende";"Frau";33;"SSH"
"Geistes- und Sozialwissenschaften";"Englische SLW";"Übrige Dozierende";"Total";61;"SSH"
"Geistes- und Sozialwissenschaften";"Englische SLW";"Wissenschaftliche Mitarbeitende";"Mann";12;"SSH"
"Geistes- und Sozialwissenschaften";"Englische SLW";"Wissenschaftliche Mitarbeitende";"Frau";35;"SSH"
"Geistes- und Sozialwissenschaften";"Englische SLW";"Wissenschaftliche Mitarbeitende";"Total";47;"SSH"
"Geistes- und Sozialwissenschaften";"Englische SLW";"Assistierende und Doktorierende";"Mann";30;"SSH"
"Geistes- und Sozialwissenschaften";"Englische SLW";"Assistierende und Doktorierende";"Frau";85;"SSH"
"Geistes- und Sozialwissenschaften";"Englische SLW";"Assistierende und Doktorierende";"Total";115;"SSH"
"Geistes- und Sozialwissenschaften";"Slawische SLW";"Professor/innen";"Mann";4;"SSH"
"Geistes- und Sozialwissenschaften";"Slawische SLW";"Professor/innen";"Frau";6;"SSH"
"Geistes- und Sozialwissenschaften";"Slawische SLW";"Professor/innen";"Total";10;"SSH"
"Geistes- und Sozialwissenschaften";"Slawische SLW";"Übrige Dozierende";"Mann";9;"SSH"
"Geistes- und Sozialwissenschaften";"Slawische SLW";"Übrige Dozierende";"Frau";17;"SSH"
"Geistes- und Sozialwissenschaften";"Slawische SLW";"Übrige Dozierende";"Total";26;"SSH"
"Geistes- und Sozialwissenschaften";"Slawische SLW";"Wissenschaftliche Mitarbeitende";"Mann";9;"SSH"
"Geistes- und Sozialwissenschaften";"Slawische SLW";"Wissenschaftliche Mitarbeitende";"Frau";17;"SSH"
"Geistes- und Sozialwissenschaften";"Slawische SLW";"Wissenschaftliche Mitarbeitende";"Total";26;"SSH"
"Geistes- und Sozialwissenschaften";"Slawische SLW";"Assistierende und Doktorierende";"Mann";15;"SSH"
"Geistes- und Sozialwissenschaften";"Slawische SLW";"Assistierende und Doktorierende";"Frau";25;"SSH"
"Geistes- und Sozialwissenschaften";"Slawische SLW";"Assistierende und Doktorierende";"Total";40;"SSH"
"Geistes- und Sozialwissenschaften";"Nordische SLW";"Professor/innen";"Mann";NA;"SSH"
"Geistes- und Sozialwissenschaften";"Nordische SLW";"Professor/innen";"Frau";NA;"SSH"
"Geistes- und Sozialwissenschaften";"Nordische SLW";"Professor/innen";"Total";NA;"SSH"
"Geistes- und Sozialwissenschaften";"Nordische SLW";"Übrige Dozierende";"Mann";NA;"SSH"
"Geistes- und Sozialwissenschaften";"Nordische SLW";"Übrige Dozierende";"Frau";4;"SSH"
"Geistes- und Sozialwissenschaften";"Nordische SLW";"Übrige Dozierende";"Total";5;"SSH"
"Geistes- und Sozialwissenschaften";"Nordische SLW";"Wissenschaftliche Mitarbeitende";"Mann";NA;"SSH"
"Geistes- und Sozialwissenschaften";"Nordische SLW";"Wissenschaftliche Mitarbeitende";"Frau";NA;"SSH"
"Geistes- und Sozialwissenschaften";"Nordische SLW";"Wissenschaftliche Mitarbeitende";"Total";NA;"SSH"
"Geistes- und Sozialwissenschaften";"Nordische SLW";"Assistierende und Doktorierende";"Mann";NA;"SSH"
"Geistes- und Sozialwissenschaften";"Nordische SLW";"Assistierende und Doktorierende";"Frau";NA;"SSH"
"Geistes- und Sozialwissenschaften";"Nordische SLW";"Assistierende und Doktorierende";"Total";3;"SSH"
"Geistes- und Sozialwissenschaften";"Klass. Sprachen Europas";"Professor/innen";"Mann";3;"SSH"
"Geistes- und Sozialwissenschaften";"Klass. Sprachen Europas";"Professor/innen";"Frau";NA;"SSH"
"Geistes- und Sozialwissenschaften";"Klass. Sprachen Europas";"Professor/innen";"Total";4;"SSH"
"Geistes- und Sozialwissenschaften";"Klass. Sprachen Europas";"Übrige Dozierende";"Mann";3;"SSH"
"Geistes- und Sozialwissenschaften";"Klass. Sprachen Europas";"Übrige Dozierende";"Frau";3;"SSH"
"Geistes- und Sozialwissenschaften";"Klass. Sprachen Europas";"Übrige Dozierende";"Total";6;"SSH"
"Geistes- und Sozialwissenschaften";"Klass. Sprachen Europas";"Wissenschaftliche Mitarbeitende";"Mann";4;"SSH"
"Geistes- und Sozialwissenschaften";"Klass. Sprachen Europas";"Wissenschaftliche Mitarbeitende";"Frau";NA;"SSH"
"Geistes- und Sozialwissenschaften";"Klass. Sprachen Europas";"Wissenschaftliche Mitarbeitende";"Total";5;"SSH"
"Geistes- und Sozialwissenschaften";"Klass. Sprachen Europas";"Assistierende und Doktorierende";"Mann";6;"SSH"
"Geistes- und Sozialwissenschaften";"Klass. Sprachen Europas";"Assistierende und Doktorierende";"Frau";6;"SSH"
"Geistes- und Sozialwissenschaften";"Klass. Sprachen Europas";"Assistierende und Doktorierende";"Total";12;"SSH"
"Geistes- und Sozialwissenschaften";"Klass. SLW";"Professor/innen";"Mann";7;"SSH"
"Geistes- und Sozialwissenschaften";"Klass. SLW";"Professor/innen";"Frau";4;"SSH"
"Geistes- und Sozialwissenschaften";"Klass. SLW";"Professor/innen";"Total";11;"SSH"
"Geistes- und Sozialwissenschaften";"Klass. SLW";"Übrige Dozierende";"Mann";16;"SSH"
"Geistes- und Sozialwissenschaften";"Klass. SLW";"Übrige Dozierende";"Frau";12;"SSH"
"Geistes- und Sozialwissenschaften";"Klass. SLW";"Übrige Dozierende";"Total";28;"SSH"
"Geistes- und Sozialwissenschaften";"Klass. SLW";"Wissenschaftliche Mitarbeitende";"Mann";10;"SSH"
"Geistes- und Sozialwissenschaften";"Klass. SLW";"Wissenschaftliche Mitarbeitende";"Frau";8;"SSH"
"Geistes- und Sozialwissenschaften";"Klass. SLW";"Wissenschaftliche Mitarbeitende";"Total";18;"SSH"
"Geistes- und Sozialwissenschaften";"Klass. SLW";"Assistierende und Doktorierende";"Mann";14;"SSH"
"Geistes- und Sozialwissenschaften";"Klass. SLW";"Assistierende und Doktorierende";"Frau";10;"SSH"
"Geistes- und Sozialwissenschaften";"Klass. SLW";"Assistierende und Doktorierende";"Total";24;"SSH"
"Geistes- und Sozialwissenschaften";"Asiatische SKW";"Professor/innen";"Mann";7;"SSH"
"Geistes- und Sozialwissenschaften";"Asiatische SKW";"Professor/innen";"Frau";6;"SSH"
"Geistes- und Sozialwissenschaften";"Asiatische SKW";"Professor/innen";"Total";13;"SSH"
"Geistes- und Sozialwissenschaften";"Asiatische SKW";"Übrige Dozierende";"Mann";12;"SSH"
"Geistes- und Sozialwissenschaften";"Asiatische SKW";"Übrige Dozierende";"Frau";13;"SSH"
"Geistes- und Sozialwissenschaften";"Asiatische SKW";"Übrige Dozierende";"Total";25;"SSH"
"Geistes- und Sozialwissenschaften";"Asiatische SKW";"Wissenschaftliche Mitarbeitende";"Mann";13;"SSH"
"Geistes- und Sozialwissenschaften";"Asiatische SKW";"Wissenschaftliche Mitarbeitende";"Frau";24;"SSH"
"Geistes- und Sozialwissenschaften";"Asiatische SKW";"Wissenschaftliche Mitarbeitende";"Total";37;"SSH"
"Geistes- und Sozialwissenschaften";"Asiatische SKW";"Assistierende und Doktorierende";"Mann";15;"SSH"
"Geistes- und Sozialwissenschaften";"Asiatische SKW";"Assistierende und Doktorierende";"Frau";24;"SSH"
"Geistes- und Sozialwissenschaften";"Asiatische SKW";"Assistierende und Doktorierende";"Total";39;"SSH"
"Geistes- und Sozialwissenschaften";"Vorderorientalische SKW";"Professor/innen";"Mann";NA;"SSH"
"Geistes- und Sozialwissenschaften";"Vorderorientalische SKW";"Professor/innen";"Frau";6;"SSH"
"Geistes- und Sozialwissenschaften";"Vorderorientalische SKW";"Professor/innen";"Total";7;"SSH"
"Geistes- und Sozialwissenschaften";"Vorderorientalische SKW";"Übrige Dozierende";"Mann";5;"SSH"
"Geistes- und Sozialwissenschaften";"Vorderorientalische SKW";"Übrige Dozierende";"Frau";5;"SSH"
"Geistes- und Sozialwissenschaften";"Vorderorientalische SKW";"Übrige Dozierende";"Total";10;"SSH"
"Geistes- und Sozialwissenschaften";"Vorderorientalische SKW";"Wissenschaftliche Mitarbeitende";"Mann";5;"SSH"
"Geistes- und Sozialwissenschaften";"Vorderorientalische SKW";"Wissenschaftliche Mitarbeitende";"Frau";5;"SSH"
"Geistes- und Sozialwissenschaften";"Vorderorientalische SKW";"Wissenschaftliche Mitarbeitende";"Total";10;"SSH"
"Geistes- und Sozialwissenschaften";"Vorderorientalische SKW";"Assistierende und Doktorierende";"Mann";10;"SSH"
"Geistes- und Sozialwissenschaften";"Vorderorientalische SKW";"Assistierende und Doktorierende";"Frau";22;"SSH"
"Geistes- und Sozialwissenschaften";"Vorderorientalische SKW";"Assistierende und Doktorierende";"Total";32;"SSH"
"Geistes- und Sozialwissenschaften";"Dolmetschen + Übersetzung";"Professor/innen";"Mann";4;"SSH"
"Geistes- und Sozialwissenschaften";"Dolmetschen + Übersetzung";"Professor/innen";"Frau";8;"SSH"
"Geistes- und Sozialwissenschaften";"Dolmetschen + Übersetzung";"Professor/innen";"Total";12;"SSH"
"Geistes- und Sozialwissenschaften";"Dolmetschen + Übersetzung";"Übrige Dozierende";"Mann";36;"SSH"
"Geistes- und Sozialwissenschaften";"Dolmetschen + Übersetzung";"Übrige Dozierende";"Frau";52;"SSH"
"Geistes- und Sozialwissenschaften";"Dolmetschen + Übersetzung";"Übrige Dozierende";"Total";88;"SSH"
"Geistes- und Sozialwissenschaften";"Dolmetschen + Übersetzung";"Wissenschaftliche Mitarbeitende";"Mann";6;"SSH"
"Geistes- und Sozialwissenschaften";"Dolmetschen + Übersetzung";"Wissenschaftliche Mitarbeitende";"Frau";11;"SSH"
"Geistes- und Sozialwissenschaften";"Dolmetschen + Übersetzung";"Wissenschaftliche Mitarbeitende";"Total";17;"SSH"
"Geistes- und Sozialwissenschaften";"Dolmetschen + Übersetzung";"Assistierende und Doktorierende";"Mann";7;"SSH"
"Geistes- und Sozialwissenschaften";"Dolmetschen + Übersetzung";"Assistierende und Doktorierende";"Frau";23;"SSH"
"Geistes- und Sozialwissenschaften";"Dolmetschen + Übersetzung";"Assistierende und Doktorierende";"Total";30;"SSH"
"Geistes- und Sozialwissenschaften";"Archäologie, Ur- + Frühgesch.";"Professor/innen";"Mann";13;"SSH"
"Geistes- und Sozialwissenschaften";"Archäologie, Ur- + Frühgesch.";"Professor/innen";"Frau";3;"SSH"
"Geistes- und Sozialwissenschaften";"Archäologie, Ur- + Frühgesch.";"Professor/innen";"Total";16;"SSH"
"Geistes- und Sozialwissenschaften";"Archäologie, Ur- + Frühgesch.";"Übrige Dozierende";"Mann";16;"SSH"
"Geistes- und Sozialwissenschaften";"Archäologie, Ur- + Frühgesch.";"Übrige Dozierende";"Frau";4;"SSH"
"Geistes- und Sozialwissenschaften";"Archäologie, Ur- + Frühgesch.";"Übrige Dozierende";"Total";20;"SSH"
"Geistes- und Sozialwissenschaften";"Archäologie, Ur- + Frühgesch.";"Wissenschaftliche Mitarbeitende";"Mann";19;"SSH"
"Geistes- und Sozialwissenschaften";"Archäologie, Ur- + Frühgesch.";"Wissenschaftliche Mitarbeitende";"Frau";39;"SSH"
"Geistes- und Sozialwissenschaften";"Archäologie, Ur- + Frühgesch.";"Wissenschaftliche Mitarbeitende";"Total";58;"SSH"
"Geistes- und Sozialwissenschaften";"Archäologie, Ur- + Frühgesch.";"Assistierende und Doktorierende";"Mann";37;"SSH"
"Geistes- und Sozialwissenschaften";"Archäologie, Ur- + Frühgesch.";"Assistierende und Doktorierende";"Frau";49;"SSH"
"Geistes- und Sozialwissenschaften";"Archäologie, Ur- + Frühgesch.";"Assistierende und Doktorierende";"Total";86;"SSH"
"Geistes- und Sozialwissenschaften";"Geschichte";"Professor/innen";"Mann";54;"SSH"
"Geistes- und Sozialwissenschaften";"Geschichte";"Professor/innen";"Frau";28;"SSH"
"Geistes- und Sozialwissenschaften";"Geschichte";"Professor/innen";"Total";82;"SSH"
"Geistes- und Sozialwissenschaften";"Geschichte";"Übrige Dozierende";"Mann";79;"SSH"
"Geistes- und Sozialwissenschaften";"Geschichte";"Übrige Dozierende";"Frau";49;"SSH"
"Geistes- und Sozialwissenschaften";"Geschichte";"Übrige Dozierende";"Total";128;"SSH"
"Geistes- und Sozialwissenschaften";"Geschichte";"Wissenschaftliche Mitarbeitende";"Mann";87;"SSH"
"Geistes- und Sozialwissenschaften";"Geschichte";"Wissenschaftliche Mitarbeitende";"Frau";79;"SSH"
"Geistes- und Sozialwissenschaften";"Geschichte";"Wissenschaftliche Mitarbeitende";"Total";166;"SSH"
"Geistes- und Sozialwissenschaften";"Geschichte";"Assistierende und Doktorierende";"Mann";148;"SSH"
"Geistes- und Sozialwissenschaften";"Geschichte";"Assistierende und Doktorierende";"Frau";190;"SSH"
"Geistes- und Sozialwissenschaften";"Geschichte";"Assistierende und Doktorierende";"Total";338;"SSH"
"Geistes- und Sozialwissenschaften";"Kunstgeschichte";"Professor/innen";"Mann";17;"SSH"
"Geistes- und Sozialwissenschaften";"Kunstgeschichte";"Professor/innen";"Frau";13;"SSH"
"Geistes- und Sozialwissenschaften";"Kunstgeschichte";"Professor/innen";"Total";30;"SSH"
"Geistes- und Sozialwissenschaften";"Kunstgeschichte";"Übrige Dozierende";"Mann";20;"SSH"
"Geistes- und Sozialwissenschaften";"Kunstgeschichte";"Übrige Dozierende";"Frau";23;"SSH"
"Geistes- und Sozialwissenschaften";"Kunstgeschichte";"Übrige Dozierende";"Total";43;"SSH"
"Geistes- und Sozialwissenschaften";"Kunstgeschichte";"Wissenschaftliche Mitarbeitende";"Mann";22;"SSH"
"Geistes- und Sozialwissenschaften";"Kunstgeschichte";"Wissenschaftliche Mitarbeitende";"Frau";37;"SSH"
"Geistes- und Sozialwissenschaften";"Kunstgeschichte";"Wissenschaftliche Mitarbeitende";"Total";59;"SSH"
"Geistes- und Sozialwissenschaften";"Kunstgeschichte";"Assistierende und Doktorierende";"Mann";24;"SSH"
"Geistes- und Sozialwissenschaften";"Kunstgeschichte";"Assistierende und Doktorierende";"Frau";82;"SSH"
"Geistes- und Sozialwissenschaften";"Kunstgeschichte";"Assistierende und Doktorierende";"Total";106;"SSH"
"Geistes- und Sozialwissenschaften";"Musikwissenschaft";"Professor/innen";"Mann";6;"SSH"
"Geistes- und Sozialwissenschaften";"Musikwissenschaft";"Professor/innen";"Frau";3;"SSH"
"Geistes- und Sozialwissenschaften";"Musikwissenschaft";"Professor/innen";"Total";9;"SSH"
"Geistes- und Sozialwissenschaften";"Musikwissenschaft";"Übrige Dozierende";"Mann";11;"SSH"
"Geistes- und Sozialwissenschaften";"Musikwissenschaft";"Übrige Dozierende";"Frau";6;"SSH"
"Geistes- und Sozialwissenschaften";"Musikwissenschaft";"Übrige Dozierende";"Total";17;"SSH"
"Geistes- und Sozialwissenschaften";"Musikwissenschaft";"Wissenschaftliche Mitarbeitende";"Mann";10;"SSH"
"Geistes- und Sozialwissenschaften";"Musikwissenschaft";"Wissenschaftliche Mitarbeitende";"Frau";10;"SSH"
"Geistes- und Sozialwissenschaften";"Musikwissenschaft";"Wissenschaftliche Mitarbeitende";"Total";20;"SSH"
"Geistes- und Sozialwissenschaften";"Musikwissenschaft";"Assistierende und Doktorierende";"Mann";12;"SSH"
"Geistes- und Sozialwissenschaften";"Musikwissenschaft";"Assistierende und Doktorierende";"Frau";10;"SSH"
"Geistes- und Sozialwissenschaften";"Musikwissenschaft";"Assistierende und Doktorierende";"Total";22;"SSH"
"Geistes- und Sozialwissenschaften";"Theater-+ Filmwissenschaft";"Professor/innen";"Mann";5;"SSH"
"Geistes- und Sozialwissenschaften";"Theater-+ Filmwissenschaft";"Professor/innen";"Frau";6;"SSH"
"Geistes- und Sozialwissenschaften";"Theater-+ Filmwissenschaft";"Professor/innen";"Total";11;"SSH"
"Geistes- und Sozialwissenschaften";"Theater-+ Filmwissenschaft";"Übrige Dozierende";"Mann";6;"SSH"
"Geistes- und Sozialwissenschaften";"Theater-+ Filmwissenschaft";"Übrige Dozierende";"Frau";6;"SSH"
"Geistes- und Sozialwissenschaften";"Theater-+ Filmwissenschaft";"Übrige Dozierende";"Total";12;"SSH"
"Geistes- und Sozialwissenschaften";"Theater-+ Filmwissenschaft";"Wissenschaftliche Mitarbeitende";"Mann";7;"SSH"
"Geistes- und Sozialwissenschaften";"Theater-+ Filmwissenschaft";"Wissenschaftliche Mitarbeitende";"Frau";12;"SSH"
"Geistes- und Sozialwissenschaften";"Theater-+ Filmwissenschaft";"Wissenschaftliche Mitarbeitende";"Total";19;"SSH"
"Geistes- und Sozialwissenschaften";"Theater-+ Filmwissenschaft";"Assistierende und Doktorierende";"Mann";11;"SSH"
"Geistes- und Sozialwissenschaften";"Theater-+ Filmwissenschaft";"Assistierende und Doktorierende";"Frau";33;"SSH"
"Geistes- und Sozialwissenschaften";"Theater-+ Filmwissenschaft";"Assistierende und Doktorierende";"Total";44;"SSH"
"Geistes- und Sozialwissenschaften";"Ethnologie + Volkskunde";"Professor/innen";"Mann";11;"SSH"
"Geistes- und Sozialwissenschaften";"Ethnologie + Volkskunde";"Professor/innen";"Frau";10;"SSH"
"Geistes- und Sozialwissenschaften";"Ethnologie + Volkskunde";"Professor/innen";"Total";21;"SSH"
"Geistes- und Sozialwissenschaften";"Ethnologie + Volkskunde";"Übrige Dozierende";"Mann";19;"SSH"
"Geistes- und Sozialwissenschaften";"Ethnologie + Volkskunde";"Übrige Dozierende";"Frau";19;"SSH"
"Geistes- und Sozialwissenschaften";"Ethnologie + Volkskunde";"Übrige Dozierende";"Total";38;"SSH"
"Geistes- und Sozialwissenschaften";"Ethnologie + Volkskunde";"Wissenschaftliche Mitarbeitende";"Mann";24;"SSH"
"Geistes- und Sozialwissenschaften";"Ethnologie + Volkskunde";"Wissenschaftliche Mitarbeitende";"Frau";52;"SSH"
"Geistes- und Sozialwissenschaften";"Ethnologie + Volkskunde";"Wissenschaftliche Mitarbeitende";"Total";76;"SSH"
"Geistes- und Sozialwissenschaften";"Ethnologie + Volkskunde";"Assistierende und Doktorierende";"Mann";17;"SSH"
"Geistes- und Sozialwissenschaften";"Ethnologie + Volkskunde";"Assistierende und Doktorierende";"Frau";61;"SSH"
"Geistes- und Sozialwissenschaften";"Ethnologie + Volkskunde";"Assistierende und Doktorierende";"Total";78;"SSH"
"Geistes- und Sozialwissenschaften";"Hist.+Kulturwiss. fächerüb./übrige";"Professor/innen";"Mann";16;"SSH"
"Geistes- und Sozialwissenschaften";"Hist.+Kulturwiss. fächerüb./übrige";"Professor/innen";"Frau";5;"SSH"
"Geistes- und Sozialwissenschaften";"Hist.+Kulturwiss. fächerüb./übrige";"Professor/innen";"Total";21;"SSH"
"Geistes- und Sozialwissenschaften";"Hist.+Kulturwiss. fächerüb./übrige";"Übrige Dozierende";"Mann";34;"SSH"
"Geistes- und Sozialwissenschaften";"Hist.+Kulturwiss. fächerüb./übrige";"Übrige Dozierende";"Frau";35;"SSH"
"Geistes- und Sozialwissenschaften";"Hist.+Kulturwiss. fächerüb./übrige";"Übrige Dozierende";"Total";69;"SSH"
"Geistes- und Sozialwissenschaften";"Hist.+Kulturwiss. fächerüb./übrige";"Wissenschaftliche Mitarbeitende";"Mann";21;"SSH"
"Geistes- und Sozialwissenschaften";"Hist.+Kulturwiss. fächerüb./übrige";"Wissenschaftliche Mitarbeitende";"Frau";26;"SSH"
"Geistes- und Sozialwissenschaften";"Hist.+Kulturwiss. fächerüb./übrige";"Wissenschaftliche Mitarbeitende";"Total";47;"SSH"
"Geistes- und Sozialwissenschaften";"Hist.+Kulturwiss. fächerüb./übrige";"Assistierende und Doktorierende";"Mann";41;"SSH"
"Geistes- und Sozialwissenschaften";"Hist.+Kulturwiss. fächerüb./übrige";"Assistierende und Doktorierende";"Frau";68;"SSH"
"Geistes- und Sozialwissenschaften";"Hist.+Kulturwiss. fächerüb./übrige";"Assistierende und Doktorierende";"Total";109;"SSH"
"Geistes- und Sozialwissenschaften";"Psychologie";"Professor/innen";"Mann";77;"SSH"
"Geistes- und Sozialwissenschaften";"Psychologie";"Professor/innen";"Frau";42;"SSH"
"Geistes- und Sozialwissenschaften";"Psychologie";"Professor/innen";"Total";119;"SSH"
"Geistes- und Sozialwissenschaften";"Psychologie";"Übrige Dozierende";"Mann";167;"SSH"
"Geistes- und Sozialwissenschaften";"Psychologie";"Übrige Dozierende";"Frau";125;"SSH"
"Geistes- und Sozialwissenschaften";"Psychologie";"Übrige Dozierende";"Total";292;"SSH"
"Geistes- und Sozialwissenschaften";"Psychologie";"Wissenschaftliche Mitarbeitende";"Mann";116;"SSH"
"Geistes- und Sozialwissenschaften";"Psychologie";"Wissenschaftliche Mitarbeitende";"Frau";172;"SSH"
"Geistes- und Sozialwissenschaften";"Psychologie";"Wissenschaftliche Mitarbeitende";"Total";288;"SSH"
"Geistes- und Sozialwissenschaften";"Psychologie";"Assistierende und Doktorierende";"Mann";209;"SSH"
"Geistes- und Sozialwissenschaften";"Psychologie";"Assistierende und Doktorierende";"Frau";494;"SSH"
"Geistes- und Sozialwissenschaften";"Psychologie";"Assistierende und Doktorierende";"Total";703;"SSH"
"Geistes- und Sozialwissenschaften";"Erziehungswissenschaften";"Professor/innen";"Mann";29;"SSH"
"Geistes- und Sozialwissenschaften";"Erziehungswissenschaften";"Professor/innen";"Frau";26;"SSH"
"Geistes- und Sozialwissenschaften";"Erziehungswissenschaften";"Professor/innen";"Total";55;"SSH"
"Geistes- und Sozialwissenschaften";"Erziehungswissenschaften";"Übrige Dozierende";"Mann";93;"SSH"
"Geistes- und Sozialwissenschaften";"Erziehungswissenschaften";"Übrige Dozierende";"Frau";113;"SSH"
"Geistes- und Sozialwissenschaften";"Erziehungswissenschaften";"Übrige Dozierende";"Total";206;"SSH"
"Geistes- und Sozialwissenschaften";"Erziehungswissenschaften";"Wissenschaftliche Mitarbeitende";"Mann";30;"SSH"
"Geistes- und Sozialwissenschaften";"Erziehungswissenschaften";"Wissenschaftliche Mitarbeitende";"Frau";79;"SSH"
"Geistes- und Sozialwissenschaften";"Erziehungswissenschaften";"Wissenschaftliche Mitarbeitende";"Total";109;"SSH"
"Geistes- und Sozialwissenschaften";"Erziehungswissenschaften";"Assistierende und Doktorierende";"Mann";42;"SSH"
"Geistes- und Sozialwissenschaften";"Erziehungswissenschaften";"Assistierende und Doktorierende";"Frau";144;"SSH"
"Geistes- und Sozialwissenschaften";"Erziehungswissenschaften";"Assistierende und Doktorierende";"Total";186;"SSH"
"Geistes- und Sozialwissenschaften";"Sonderpädagogik";"Professor/innen";"Mann";5;"SSH"
"Geistes- und Sozialwissenschaften";"Sonderpädagogik";"Professor/innen";"Frau";5;"SSH"
"Geistes- und Sozialwissenschaften";"Sonderpädagogik";"Professor/innen";"Total";10;"SSH"
"Geistes- und Sozialwissenschaften";"Sonderpädagogik";"Übrige Dozierende";"Mann";17;"SSH"
"Geistes- und Sozialwissenschaften";"Sonderpädagogik";"Übrige Dozierende";"Frau";22;"SSH"
"Geistes- und Sozialwissenschaften";"Sonderpädagogik";"Übrige Dozierende";"Total";39;"SSH"
"Geistes- und Sozialwissenschaften";"Sonderpädagogik";"Wissenschaftliche Mitarbeitende";"Mann";NA;"SSH"
"Geistes- und Sozialwissenschaften";"Sonderpädagogik";"Wissenschaftliche Mitarbeitende";"Frau";3;"SSH"
"Geistes- und Sozialwissenschaften";"Sonderpädagogik";"Wissenschaftliche Mitarbeitende";"Total";5;"SSH"
"Geistes- und Sozialwissenschaften";"Sonderpädagogik";"Assistierende und Doktorierende";"Mann";NA;"SSH"
"Geistes- und Sozialwissenschaften";"Sonderpädagogik";"Assistierende und Doktorierende";"Frau";21;"SSH"
"Geistes- und Sozialwissenschaften";"Sonderpädagogik";"Assistierende und Doktorierende";"Total";22;"SSH"
"Geistes- und Sozialwissenschaften";"Soziologie";"Professor/innen";"Mann";23;"SSH"
"Geistes- und Sozialwissenschaften";"Soziologie";"Professor/innen";"Frau";10;"SSH"
"Geistes- und Sozialwissenschaften";"Soziologie";"Professor/innen";"Total";33;"SSH"
"Geistes- und Sozialwissenschaften";"Soziologie";"Übrige Dozierende";"Mann";39;"SSH"
"Geistes- und Sozialwissenschaften";"Soziologie";"Übrige Dozierende";"Frau";20;"SSH"
"Geistes- und Sozialwissenschaften";"Soziologie";"Übrige Dozierende";"Total";59;"SSH"
"Geistes- und Sozialwissenschaften";"Soziologie";"Wissenschaftliche Mitarbeitende";"Mann";40;"SSH"
"Geistes- und Sozialwissenschaften";"Soziologie";"Wissenschaftliche Mitarbeitende";"Frau";52;"SSH"
"Geistes- und Sozialwissenschaften";"Soziologie";"Wissenschaftliche Mitarbeitende";"Total";92;"SSH"
"Geistes- und Sozialwissenschaften";"Soziologie";"Assistierende und Doktorierende";"Mann";54;"SSH"
"Geistes- und Sozialwissenschaften";"Soziologie";"Assistierende und Doktorierende";"Frau";55;"SSH"
"Geistes- und Sozialwissenschaften";"Soziologie";"Assistierende und Doktorierende";"Total";109;"SSH"
"Geistes- und Sozialwissenschaften";"Politikwissenschaft";"Professor/innen";"Mann";89;"SSH"
"Geistes- und Sozialwissenschaften";"Politikwissenschaft";"Professor/innen";"Frau";36;"SSH"
"Geistes- und Sozialwissenschaften";"Politikwissenschaft";"Professor/innen";"Total";125;"SSH"
"Geistes- und Sozialwissenschaften";"Politikwissenschaft";"Übrige Dozierende";"Mann";85;"SSH"
"Geistes- und Sozialwissenschaften";"Politikwissenschaft";"Übrige Dozierende";"Frau";46;"SSH"
"Geistes- und Sozialwissenschaften";"Politikwissenschaft";"Übrige Dozierende";"Total";131;"SSH"
"Geistes- und Sozialwissenschaften";"Politikwissenschaft";"Wissenschaftliche Mitarbeitende";"Mann";127;"SSH"
"Geistes- und Sozialwissenschaften";"Politikwissenschaft";"Wissenschaftliche Mitarbeitende";"Frau";113;"SSH"
"Geistes- und Sozialwissenschaften";"Politikwissenschaft";"Wissenschaftliche Mitarbeitende";"Total";240;"SSH"
"Geistes- und Sozialwissenschaften";"Politikwissenschaft";"Assistierende und Doktorierende";"Mann";217;"SSH"
"Geistes- und Sozialwissenschaften";"Politikwissenschaft";"Assistierende und Doktorierende";"Frau";244;"SSH"
"Geistes- und Sozialwissenschaften";"Politikwissenschaft";"Assistierende und Doktorierende";"Total";461;"SSH"
"Geistes- und Sozialwissenschaften";"Kommunikations- + Medienwiss.";"Professor/innen";"Mann";24;"SSH"
"Geistes- und Sozialwissenschaften";"Kommunikations- + Medienwiss.";"Professor/innen";"Frau";15;"SSH"
"Geistes- und Sozialwissenschaften";"Kommunikations- + Medienwiss.";"Professor/innen";"Total";39;"SSH"
"Geistes- und Sozialwissenschaften";"Kommunikations- + Medienwiss.";"Übrige Dozierende";"Mann";60;"SSH"
"Geistes- und Sozialwissenschaften";"Kommunikations- + Medienwiss.";"Übrige Dozierende";"Frau";33;"SSH"
"Geistes- und Sozialwissenschaften";"Kommunikations- + Medienwiss.";"Übrige Dozierende";"Total";93;"SSH"
"Geistes- und Sozialwissenschaften";"Kommunikations- + Medienwiss.";"Wissenschaftliche Mitarbeitende";"Mann";41;"SSH"
"Geistes- und Sozialwissenschaften";"Kommunikations- + Medienwiss.";"Wissenschaftliche Mitarbeitende";"Frau";51;"SSH"
"Geistes- und Sozialwissenschaften";"Kommunikations- + Medienwiss.";"Wissenschaftliche Mitarbeitende";"Total";92;"SSH"
"Geistes- und Sozialwissenschaften";"Kommunikations- + Medienwiss.";"Assistierende und Doktorierende";"Mann";44;"SSH"
"Geistes- und Sozialwissenschaften";"Kommunikations- + Medienwiss.";"Assistierende und Doktorierende";"Frau";84;"SSH"
"Geistes- und Sozialwissenschaften";"Kommunikations- + Medienwiss.";"Assistierende und Doktorierende";"Total";128;"SSH"
"Geistes- und Sozialwissenschaften";"Sozialwiss. fächerübergr./übrige";"Professor/innen";"Mann";73;"SSH"
"Geistes- und Sozialwissenschaften";"Sozialwiss. fächerübergr./übrige";"Professor/innen";"Frau";64;"SSH"
"Geistes- und Sozialwissenschaften";"Sozialwiss. fächerübergr./übrige";"Professor/innen";"Total";137;"SSH"
"Geistes- und Sozialwissenschaften";"Sozialwiss. fächerübergr./übrige";"Übrige Dozierende";"Mann";120;"SSH"
"Geistes- und Sozialwissenschaften";"Sozialwiss. fächerübergr./übrige";"Übrige Dozierende";"Frau";81;"SSH"
"Geistes- und Sozialwissenschaften";"Sozialwiss. fächerübergr./übrige";"Übrige Dozierende";"Total";201;"SSH"
"Geistes- und Sozialwissenschaften";"Sozialwiss. fächerübergr./übrige";"Wissenschaftliche Mitarbeitende";"Mann";87;"SSH"
"Geistes- und Sozialwissenschaften";"Sozialwiss. fächerübergr./übrige";"Wissenschaftliche Mitarbeitende";"Frau";117;"SSH"
"Geistes- und Sozialwissenschaften";"Sozialwiss. fächerübergr./übrige";"Wissenschaftliche Mitarbeitende";"Total";204;"SSH"
"Geistes- und Sozialwissenschaften";"Sozialwiss. fächerübergr./übrige";"Assistierende und Doktorierende";"Mann";151;"SSH"
"Geistes- und Sozialwissenschaften";"Sozialwiss. fächerübergr./übrige";"Assistierende und Doktorierende";"Frau";269;"SSH"
"Geistes- und Sozialwissenschaften";"Sozialwiss. fächerübergr./übrige";"Assistierende und Doktorierende";"Total";420;"SSH"
"Geistes- und Sozialwissenschaften";"Humangeographie";"Professor/innen";"Mann";3;"SSH"
"Geistes- und Sozialwissenschaften";"Humangeographie";"Professor/innen";"Frau";NA;"SSH"
"Geistes- und Sozialwissenschaften";"Humangeographie";"Professor/innen";"Total";4;"SSH"
"Geistes- und Sozialwissenschaften";"Humangeographie";"Übrige Dozierende";"Mann";NA;"SSH"
"Geistes- und Sozialwissenschaften";"Humangeographie";"Übrige Dozierende";"Frau";NA;"SSH"
"Geistes- und Sozialwissenschaften";"Humangeographie";"Übrige Dozierende";"Total";NA;"SSH"
"Geistes- und Sozialwissenschaften";"Humangeographie";"Wissenschaftliche Mitarbeitende";"Mann";8;"SSH"
"Geistes- und Sozialwissenschaften";"Humangeographie";"Wissenschaftliche Mitarbeitende";"Frau";10;"SSH"
"Geistes- und Sozialwissenschaften";"Humangeographie";"Wissenschaftliche Mitarbeitende";"Total";18;"SSH"
"Geistes- und Sozialwissenschaften";"Humangeographie";"Assistierende und Doktorierende";"Mann";6;"SSH"
"Geistes- und Sozialwissenschaften";"Humangeographie";"Assistierende und Doktorierende";"Frau";5;"SSH"
"Geistes- und Sozialwissenschaften";"Humangeographie";"Assistierende und Doktorierende";"Total";11;"SSH"
"Geistes- und Sozialwissenschaften";"Nicht zuteilbar";"Professor/innen";"Mann";NA;"SSH"
"Geistes- und Sozialwissenschaften";"Nicht zuteilbar";"Professor/innen";"Frau";NA;"SSH"
"Geistes- und Sozialwissenschaften";"Nicht zuteilbar";"Professor/innen";"Total";NA;"SSH"
"Geistes- und Sozialwissenschaften";"Nicht zuteilbar";"Übrige Dozierende";"Mann";3;"SSH"
"Geistes- und Sozialwissenschaften";"Nicht zuteilbar";"Übrige Dozierende";"Frau";4;"SSH"
"Geistes- und Sozialwissenschaften";"Nicht zuteilbar";"Übrige Dozierende";"Total";7;"SSH"
"Geistes- und Sozialwissenschaften";"Nicht zuteilbar";"Wissenschaftliche Mitarbeitende";"Mann";NA;"SSH"
"Geistes- und Sozialwissenschaften";"Nicht zuteilbar";"Wissenschaftliche Mitarbeitende";"Frau";NA;"SSH"
"Geistes- und Sozialwissenschaften";"Nicht zuteilbar";"Wissenschaftliche Mitarbeitende";"Total";NA;"SSH"
"Geistes- und Sozialwissenschaften";"Nicht zuteilbar";"Assistierende und Doktorierende";"Mann";NA;"SSH"
"Geistes- und Sozialwissenschaften";"Nicht zuteilbar";"Assistierende und Doktorierende";"Frau";NA;"SSH"
"Geistes- und Sozialwissenschaften";"Nicht zuteilbar";"Assistierende und Doktorierende";"Total";NA;"SSH"
"Wirtschaftswissenschaften";"Volkswirtschaftslehre";"Professor/innen";"Mann";95;"SSH"
"Wirtschaftswissenschaften";"Volkswirtschaftslehre";"Professor/innen";"Frau";15;"SSH"
"Wirtschaftswissenschaften";"Volkswirtschaftslehre";"Professor/innen";"Total";110;"SSH"
"Wirtschaftswissenschaften";"Volkswirtschaftslehre";"Übrige Dozierende";"Mann";113;"SSH"
"Wirtschaftswissenschaften";"Volkswirtschaftslehre";"Übrige Dozierende";"Frau";25;"SSH"
"Wirtschaftswissenschaften";"Volkswirtschaftslehre";"Übrige Dozierende";"Total";138;"SSH"
"Wirtschaftswissenschaften";"Volkswirtschaftslehre";"Wissenschaftliche Mitarbeitende";"Mann";70;"SSH"
"Wirtschaftswissenschaften";"Volkswirtschaftslehre";"Wissenschaftliche Mitarbeitende";"Frau";31;"SSH"
"Wirtschaftswissenschaften";"Volkswirtschaftslehre";"Wissenschaftliche Mitarbeitende";"Total";101;"SSH"
"Wirtschaftswissenschaften";"Volkswirtschaftslehre";"Assistierende und Doktorierende";"Mann";187;"SSH"
"Wirtschaftswissenschaften";"Volkswirtschaftslehre";"Assistierende und Doktorierende";"Frau";121;"SSH"
"Wirtschaftswissenschaften";"Volkswirtschaftslehre";"Assistierende und Doktorierende";"Total";308;"SSH"
"Wirtschaftswissenschaften";"Betriebswirtschaftslehre";"Professor/innen";"Mann";140;"SSH"
"Wirtschaftswissenschaften";"Betriebswirtschaftslehre";"Professor/innen";"Frau";31;"SSH"
"Wirtschaftswissenschaften";"Betriebswirtschaftslehre";"Professor/innen";"Total";171;"SSH"
"Wirtschaftswissenschaften";"Betriebswirtschaftslehre";"Übrige Dozierende";"Mann";428;"SSH"
"Wirtschaftswissenschaften";"Betriebswirtschaftslehre";"Übrige Dozierende";"Frau";115;"SSH"
"Wirtschaftswissenschaften";"Betriebswirtschaftslehre";"Übrige Dozierende";"Total";543;"SSH"
"Wirtschaftswissenschaften";"Betriebswirtschaftslehre";"Wissenschaftliche Mitarbeitende";"Mann";109;"SSH"
"Wirtschaftswissenschaften";"Betriebswirtschaftslehre";"Wissenschaftliche Mitarbeitende";"Frau";64;"SSH"
"Wirtschaftswissenschaften";"Betriebswirtschaftslehre";"Wissenschaftliche Mitarbeitende";"Total";173;"SSH"
"Wirtschaftswissenschaften";"Betriebswirtschaftslehre";"Assistierende und Doktorierende";"Mann";329;"SSH"
"Wirtschaftswissenschaften";"Betriebswirtschaftslehre";"Assistierende und Doktorierende";"Frau";263;"SSH"
"Wirtschaftswissenschaften";"Betriebswirtschaftslehre";"Assistierende und Doktorierende";"Total";592;"SSH"
"Wirtschaftswissenschaften";"Betriebsinformatik";"Professor/innen";"Mann";14;"SSH"
"Wirtschaftswissenschaften";"Betriebsinformatik";"Professor/innen";"Frau";3;"SSH"
"Wirtschaftswissenschaften";"Betriebsinformatik";"Professor/innen";"Total";17;"SSH"
"Wirtschaftswissenschaften";"Betriebsinformatik";"Übrige Dozierende";"Mann";33;"SSH"
"Wirtschaftswissenschaften";"Betriebsinformatik";"Übrige Dozierende";"Frau";4;"SSH"
"Wirtschaftswissenschaften";"Betriebsinformatik";"Übrige Dozierende";"Total";37;"SSH"
"Wirtschaftswissenschaften";"Betriebsinformatik";"Wissenschaftliche Mitarbeitende";"Mann";4;"SSH"
"Wirtschaftswissenschaften";"Betriebsinformatik";"Wissenschaftliche Mitarbeitende";"Frau";NA;"SSH"
"Wirtschaftswissenschaften";"Betriebsinformatik";"Wissenschaftliche Mitarbeitende";"Total";6;"SSH"
"Wirtschaftswissenschaften";"Betriebsinformatik";"Assistierende und Doktorierende";"Mann";41;"SSH"
"Wirtschaftswissenschaften";"Betriebsinformatik";"Assistierende und Doktorierende";"Frau";18;"SSH"
"Wirtschaftswissenschaften";"Betriebsinformatik";"Assistierende und Doktorierende";"Total";59;"SSH"
"Wirtschaftswissenschaften";"Wirtschaftsw. fächerübergr./übrige";"Professor/innen";"Mann";146;"SSH"
"Wirtschaftswissenschaften";"Wirtschaftsw. fächerübergr./übrige";"Professor/innen";"Frau";47;"SSH"
"Wirtschaftswissenschaften";"Wirtschaftsw. fächerübergr./übrige";"Professor/innen";"Total";193;"SSH"
"Wirtschaftswissenschaften";"Wirtschaftsw. fächerübergr./übrige";"Übrige Dozierende";"Mann";189;"SSH"
"Wirtschaftswissenschaften";"Wirtschaftsw. fächerübergr./übrige";"Übrige Dozierende";"Frau";45;"SSH"
"Wirtschaftswissenschaften";"Wirtschaftsw. fächerübergr./übrige";"Übrige Dozierende";"Total";234;"SSH"
"Wirtschaftswissenschaften";"Wirtschaftsw. fächerübergr./übrige";"Wissenschaftliche Mitarbeitende";"Mann";116;"SSH"
"Wirtschaftswissenschaften";"Wirtschaftsw. fächerübergr./übrige";"Wissenschaftliche Mitarbeitende";"Frau";57;"SSH"
"Wirtschaftswissenschaften";"Wirtschaftsw. fächerübergr./übrige";"Wissenschaftliche Mitarbeitende";"Total";173;"SSH"
"Wirtschaftswissenschaften";"Wirtschaftsw. fächerübergr./übrige";"Assistierende und Doktorierende";"Mann";433;"SSH"
"Wirtschaftswissenschaften";"Wirtschaftsw. fächerübergr./übrige";"Assistierende und Doktorierende";"Frau";291;"SSH"
"Wirtschaftswissenschaften";"Wirtschaftsw. fächerübergr./übrige";"Assistierende und Doktorierende";"Total";724;"SSH"
"Wirtschaftswissenschaften";"Nicht zuteilbar";"Professor/innen";"Mann";NA;"SSH"
"Wirtschaftswissenschaften";"Nicht zuteilbar";"Professor/innen";"Frau";NA;"SSH"
"Wirtschaftswissenschaften";"Nicht zuteilbar";"Professor/innen";"Total";NA;"SSH"
"Wirtschaftswissenschaften";"Nicht zuteilbar";"Übrige Dozierende";"Mann";NA;"SSH"
"Wirtschaftswissenschaften";"Nicht zuteilbar";"Übrige Dozierende";"Frau";NA;"SSH"
"Wirtschaftswissenschaften";"Nicht zuteilbar";"Übrige Dozierende";"Total";3;"SSH"
"Wirtschaftswissenschaften";"Nicht zuteilbar";"Wissenschaftliche Mitarbeitende";"Mann";NA;"SSH"
"Wirtschaftswissenschaften";"Nicht zuteilbar";"Wissenschaftliche Mitarbeitende";"Frau";NA;"SSH"
"Wirtschaftswissenschaften";"Nicht zuteilbar";"Wissenschaftliche Mitarbeitende";"Total";NA;"SSH"
"Wirtschaftswissenschaften";"Nicht zuteilbar";"Assistierende und Doktorierende";"Mann";NA;"SSH"
"Wirtschaftswissenschaften";"Nicht zuteilbar";"Assistierende und Doktorierende";"Frau";NA;"SSH"
"Wirtschaftswissenschaften";"Nicht zuteilbar";"Assistierende und Doktorierende";"Total";NA;"SSH"
"Recht";"Recht";"Professor/innen";"Mann";210;"SSH"
"Recht";"Recht";"Professor/innen";"Frau";92;"SSH"
"Recht";"Recht";"Professor/innen";"Total";302;"SSH"
"Recht";"Recht";"Übrige Dozierende";"Mann";501;"SSH"
"Recht";"Recht";"Übrige Dozierende";"Frau";183;"SSH"
"Recht";"Recht";"Übrige Dozierende";"Total";684;"SSH"
"Recht";"Recht";"Wissenschaftliche Mitarbeitende";"Mann";77;"SSH"
"Recht";"Recht";"Wissenschaftliche Mitarbeitende";"Frau";95;"SSH"
"Recht";"Recht";"Wissenschaftliche Mitarbeitende";"Total";172;"SSH"
"Recht";"Recht";"Assistierende und Doktorierende";"Mann";589;"SSH"
"Recht";"Recht";"Assistierende und Doktorierende";"Frau";693;"SSH"
"Recht";"Recht";"Assistierende und Doktorierende";"Total";1282;"SSH"
"Exakte und Naturwissenschaften";"Ex.+Naturw. fächerübergr./übrige";"Professor/innen";"Mann";87;"MINT"
"Exakte und Naturwissenschaften";"Ex.+Naturw. fächerübergr./übrige";"Professor/innen";"Frau";24;"MINT"
"Exakte und Naturwissenschaften";"Ex.+Naturw. fächerübergr./übrige";"Professor/innen";"Total";111;"MINT"
"Exakte und Naturwissenschaften";"Ex.+Naturw. fächerübergr./übrige";"Übrige Dozierende";"Mann";138;"MINT"
"Exakte und Naturwissenschaften";"Ex.+Naturw. fächerübergr./übrige";"Übrige Dozierende";"Frau";40;"MINT"
"Exakte und Naturwissenschaften";"Ex.+Naturw. fächerübergr./übrige";"Übrige Dozierende";"Total";178;"MINT"
"Exakte und Naturwissenschaften";"Ex.+Naturw. fächerübergr./übrige";"Wissenschaftliche Mitarbeitende";"Mann";285;"MINT"
"Exakte und Naturwissenschaften";"Ex.+Naturw. fächerübergr./übrige";"Wissenschaftliche Mitarbeitende";"Frau";193;"MINT"
"Exakte und Naturwissenschaften";"Ex.+Naturw. fächerübergr./übrige";"Wissenschaftliche Mitarbeitende";"Total";478;"MINT"
"Exakte und Naturwissenschaften";"Ex.+Naturw. fächerübergr./übrige";"Assistierende und Doktorierende";"Mann";347;"MINT"
"Exakte und Naturwissenschaften";"Ex.+Naturw. fächerübergr./übrige";"Assistierende und Doktorierende";"Frau";370;"MINT"
"Exakte und Naturwissenschaften";"Ex.+Naturw. fächerübergr./übrige";"Assistierende und Doktorierende";"Total";717;"MINT"
"Exakte und Naturwissenschaften";"Mathematik";"Professor/innen";"Mann";121;"MINT"
"Exakte und Naturwissenschaften";"Mathematik";"Professor/innen";"Frau";18;"MINT"
"Exakte und Naturwissenschaften";"Mathematik";"Professor/innen";"Total";139;"MINT"
"Exakte und Naturwissenschaften";"Mathematik";"Übrige Dozierende";"Mann";75;"MINT"
"Exakte und Naturwissenschaften";"Mathematik";"Übrige Dozierende";"Frau";22;"MINT"
"Exakte und Naturwissenschaften";"Mathematik";"Übrige Dozierende";"Total";97;"MINT"
"Exakte und Naturwissenschaften";"Mathematik";"Wissenschaftliche Mitarbeitende";"Mann";187;"MINT"
"Exakte und Naturwissenschaften";"Mathematik";"Wissenschaftliche Mitarbeitende";"Frau";45;"MINT"
"Exakte und Naturwissenschaften";"Mathematik";"Wissenschaftliche Mitarbeitende";"Total";232;"MINT"
"Exakte und Naturwissenschaften";"Mathematik";"Assistierende und Doktorierende";"Mann";358;"MINT"
"Exakte und Naturwissenschaften";"Mathematik";"Assistierende und Doktorierende";"Frau";134;"MINT"
"Exakte und Naturwissenschaften";"Mathematik";"Assistierende und Doktorierende";"Total";492;"MINT"
"Exakte und Naturwissenschaften";"Informatik";"Professor/innen";"Mann";132;"MINT"
"Exakte und Naturwissenschaften";"Informatik";"Professor/innen";"Frau";23;"MINT"
"Exakte und Naturwissenschaften";"Informatik";"Professor/innen";"Total";155;"MINT"
"Exakte und Naturwissenschaften";"Informatik";"Übrige Dozierende";"Mann";89;"MINT"
"Exakte und Naturwissenschaften";"Informatik";"Übrige Dozierende";"Frau";15;"MINT"
"Exakte und Naturwissenschaften";"Informatik";"Übrige Dozierende";"Total";104;"MINT"
"Exakte und Naturwissenschaften";"Informatik";"Wissenschaftliche Mitarbeitende";"Mann";237;"MINT"
"Exakte und Naturwissenschaften";"Informatik";"Wissenschaftliche Mitarbeitende";"Frau";56;"MINT"
"Exakte und Naturwissenschaften";"Informatik";"Wissenschaftliche Mitarbeitende";"Total";293;"MINT"
"Exakte und Naturwissenschaften";"Informatik";"Assistierende und Doktorierende";"Mann";881;"MINT"
"Exakte und Naturwissenschaften";"Informatik";"Assistierende und Doktorierende";"Frau";238;"MINT"
"Exakte und Naturwissenschaften";"Informatik";"Assistierende und Doktorierende";"Total";1119;"MINT"
"Exakte und Naturwissenschaften";"Astronomie";"Professor/innen";"Mann";11;"MINT"
"Exakte und Naturwissenschaften";"Astronomie";"Professor/innen";"Frau";3;"MINT"
"Exakte und Naturwissenschaften";"Astronomie";"Professor/innen";"Total";14;"MINT"
"Exakte und Naturwissenschaften";"Astronomie";"Übrige Dozierende";"Mann";7;"MINT"
"Exakte und Naturwissenschaften";"Astronomie";"Übrige Dozierende";"Frau";NA;"MINT"
"Exakte und Naturwissenschaften";"Astronomie";"Übrige Dozierende";"Total";7;"MINT"
"Exakte und Naturwissenschaften";"Astronomie";"Wissenschaftliche Mitarbeitende";"Mann";36;"MINT"
"Exakte und Naturwissenschaften";"Astronomie";"Wissenschaftliche Mitarbeitende";"Frau";13;"MINT"
"Exakte und Naturwissenschaften";"Astronomie";"Wissenschaftliche Mitarbeitende";"Total";49;"MINT"
"Exakte und Naturwissenschaften";"Astronomie";"Assistierende und Doktorierende";"Mann";29;"MINT"
"Exakte und Naturwissenschaften";"Astronomie";"Assistierende und Doktorierende";"Frau";12;"MINT"
"Exakte und Naturwissenschaften";"Astronomie";"Assistierende und Doktorierende";"Total";41;"MINT"
"Exakte und Naturwissenschaften";"Physik";"Professor/innen";"Mann";161;"MINT"
"Exakte und Naturwissenschaften";"Physik";"Professor/innen";"Frau";29;"MINT"
"Exakte und Naturwissenschaften";"Physik";"Professor/innen";"Total";190;"MINT"
"Exakte und Naturwissenschaften";"Physik";"Übrige Dozierende";"Mann";146;"MINT"
"Exakte und Naturwissenschaften";"Physik";"Übrige Dozierende";"Frau";14;"MINT"
"Exakte und Naturwissenschaften";"Physik";"Übrige Dozierende";"Total";160;"MINT"
"Exakte und Naturwissenschaften";"Physik";"Wissenschaftliche Mitarbeitende";"Mann";616;"MINT"
"Exakte und Naturwissenschaften";"Physik";"Wissenschaftliche Mitarbeitende";"Frau";169;"MINT"
"Exakte und Naturwissenschaften";"Physik";"Wissenschaftliche Mitarbeitende";"Total";785;"MINT"
"Exakte und Naturwissenschaften";"Physik";"Assistierende und Doktorierende";"Mann";787;"MINT"
"Exakte und Naturwissenschaften";"Physik";"Assistierende und Doktorierende";"Frau";254;"MINT"
"Exakte und Naturwissenschaften";"Physik";"Assistierende und Doktorierende";"Total";1041;"MINT"
"Exakte und Naturwissenschaften";"Exakte Wiss. fächerübergr./übrige";"Professor/innen";"Mann";6;"MINT"
"Exakte und Naturwissenschaften";"Exakte Wiss. fächerübergr./übrige";"Professor/innen";"Frau";NA;"MINT"
"Exakte und Naturwissenschaften";"Exakte Wiss. fächerübergr./übrige";"Professor/innen";"Total";7;"MINT"
"Exakte und Naturwissenschaften";"Exakte Wiss. fächerübergr./übrige";"Übrige Dozierende";"Mann";14;"MINT"
"Exakte und Naturwissenschaften";"Exakte Wiss. fächerübergr./übrige";"Übrige Dozierende";"Frau";4;"MINT"
"Exakte und Naturwissenschaften";"Exakte Wiss. fächerübergr./übrige";"Übrige Dozierende";"Total";18;"MINT"
"Exakte und Naturwissenschaften";"Exakte Wiss. fächerübergr./übrige";"Wissenschaftliche Mitarbeitende";"Mann";7;"MINT"
"Exakte und Naturwissenschaften";"Exakte Wiss. fächerübergr./übrige";"Wissenschaftliche Mitarbeitende";"Frau";3;"MINT"
"Exakte und Naturwissenschaften";"Exakte Wiss. fächerübergr./übrige";"Wissenschaftliche Mitarbeitende";"Total";10;"MINT"
"Exakte und Naturwissenschaften";"Exakte Wiss. fächerübergr./übrige";"Assistierende und Doktorierende";"Mann";19;"MINT"
"Exakte und Naturwissenschaften";"Exakte Wiss. fächerübergr./übrige";"Assistierende und Doktorierende";"Frau";6;"MINT"
"Exakte und Naturwissenschaften";"Exakte Wiss. fächerübergr./übrige";"Assistierende und Doktorierende";"Total";25;"MINT"
"Exakte und Naturwissenschaften";"Chemie";"Professor/innen";"Mann";120;"MINT"
"Exakte und Naturwissenschaften";"Chemie";"Professor/innen";"Frau";21;"MINT"
"Exakte und Naturwissenschaften";"Chemie";"Professor/innen";"Total";141;"MINT"
"Exakte und Naturwissenschaften";"Chemie";"Übrige Dozierende";"Mann";121;"MINT"
"Exakte und Naturwissenschaften";"Chemie";"Übrige Dozierende";"Frau";29;"MINT"
"Exakte und Naturwissenschaften";"Chemie";"Übrige Dozierende";"Total";150;"MINT"
"Exakte und Naturwissenschaften";"Chemie";"Wissenschaftliche Mitarbeitende";"Mann";409;"MINT"
"Exakte und Naturwissenschaften";"Chemie";"Wissenschaftliche Mitarbeitende";"Frau";184;"MINT"
"Exakte und Naturwissenschaften";"Chemie";"Wissenschaftliche Mitarbeitende";"Total";593;"MINT"
"Exakte und Naturwissenschaften";"Chemie";"Assistierende und Doktorierende";"Mann";784;"MINT"
"Exakte und Naturwissenschaften";"Chemie";"Assistierende und Doktorierende";"Frau";401;"MINT"
"Exakte und Naturwissenschaften";"Chemie";"Assistierende und Doktorierende";"Total";1185;"MINT"
"Exakte und Naturwissenschaften";"Biologie";"Professor/innen";"Mann";196;"MINT"
"Exakte und Naturwissenschaften";"Biologie";"Professor/innen";"Frau";56;"MINT"
"Exakte und Naturwissenschaften";"Biologie";"Professor/innen";"Total";252;"MINT"
"Exakte und Naturwissenschaften";"Biologie";"Übrige Dozierende";"Mann";183;"MINT"
"Exakte und Naturwissenschaften";"Biologie";"Übrige Dozierende";"Frau";74;"MINT"
"Exakte und Naturwissenschaften";"Biologie";"Übrige Dozierende";"Total";257;"MINT"
"Exakte und Naturwissenschaften";"Biologie";"Wissenschaftliche Mitarbeitende";"Mann";576;"MINT"
"Exakte und Naturwissenschaften";"Biologie";"Wissenschaftliche Mitarbeitende";"Frau";386;"MINT"
"Exakte und Naturwissenschaften";"Biologie";"Wissenschaftliche Mitarbeitende";"Total";962;"MINT"
"Exakte und Naturwissenschaften";"Biologie";"Assistierende und Doktorierende";"Mann";567;"MINT"
"Exakte und Naturwissenschaften";"Biologie";"Assistierende und Doktorierende";"Frau";723;"MINT"
"Exakte und Naturwissenschaften";"Biologie";"Assistierende und Doktorierende";"Total";1290;"MINT"
"Exakte und Naturwissenschaften";"Erdwissenschaften";"Professor/innen";"Mann";60;"MINT"
"Exakte und Naturwissenschaften";"Erdwissenschaften";"Professor/innen";"Frau";14;"MINT"
"Exakte und Naturwissenschaften";"Erdwissenschaften";"Professor/innen";"Total";74;"MINT"
"Exakte und Naturwissenschaften";"Erdwissenschaften";"Übrige Dozierende";"Mann";75;"MINT"
"Exakte und Naturwissenschaften";"Erdwissenschaften";"Übrige Dozierende";"Frau";16;"MINT"
"Exakte und Naturwissenschaften";"Erdwissenschaften";"Übrige Dozierende";"Total";91;"MINT"
"Exakte und Naturwissenschaften";"Erdwissenschaften";"Wissenschaftliche Mitarbeitende";"Mann";204;"MINT"
"Exakte und Naturwissenschaften";"Erdwissenschaften";"Wissenschaftliche Mitarbeitende";"Frau";73;"MINT"
"Exakte und Naturwissenschaften";"Erdwissenschaften";"Wissenschaftliche Mitarbeitende";"Total";277;"MINT"
"Exakte und Naturwissenschaften";"Erdwissenschaften";"Assistierende und Doktorierende";"Mann";244;"MINT"
"Exakte und Naturwissenschaften";"Erdwissenschaften";"Assistierende und Doktorierende";"Frau";183;"MINT"
"Exakte und Naturwissenschaften";"Erdwissenschaften";"Assistierende und Doktorierende";"Total";427;"MINT"
"Exakte und Naturwissenschaften";"Geographie";"Professor/innen";"Mann";13;"MINT"
"Exakte und Naturwissenschaften";"Geographie";"Professor/innen";"Frau";9;"MINT"
"Exakte und Naturwissenschaften";"Geographie";"Professor/innen";"Total";22;"MINT"
"Exakte und Naturwissenschaften";"Geographie";"Übrige Dozierende";"Mann";28;"MINT"
"Exakte und Naturwissenschaften";"Geographie";"Übrige Dozierende";"Frau";7;"MINT"
"Exakte und Naturwissenschaften";"Geographie";"Übrige Dozierende";"Total";35;"MINT"
"Exakte und Naturwissenschaften";"Geographie";"Wissenschaftliche Mitarbeitende";"Mann";62;"MINT"
"Exakte und Naturwissenschaften";"Geographie";"Wissenschaftliche Mitarbeitende";"Frau";42;"MINT"
"Exakte und Naturwissenschaften";"Geographie";"Wissenschaftliche Mitarbeitende";"Total";104;"MINT"
"Exakte und Naturwissenschaften";"Geographie";"Assistierende und Doktorierende";"Mann";59;"MINT"
"Exakte und Naturwissenschaften";"Geographie";"Assistierende und Doktorierende";"Frau";94;"MINT"
"Exakte und Naturwissenschaften";"Geographie";"Assistierende und Doktorierende";"Total";153;"MINT"
"Exakte und Naturwissenschaften";"Naturwiss. fächerübergr./übrige";"Professor/innen";"Mann";31;"MINT"
"Exakte und Naturwissenschaften";"Naturwiss. fächerübergr./übrige";"Professor/innen";"Frau";10;"MINT"
"Exakte und Naturwissenschaften";"Naturwiss. fächerübergr./übrige";"Professor/innen";"Total";41;"MINT"
"Exakte und Naturwissenschaften";"Naturwiss. fächerübergr./übrige";"Übrige Dozierende";"Mann";62;"MINT"
"Exakte und Naturwissenschaften";"Naturwiss. fächerübergr./übrige";"Übrige Dozierende";"Frau";15;"MINT"
"Exakte und Naturwissenschaften";"Naturwiss. fächerübergr./übrige";"Übrige Dozierende";"Total";77;"MINT"
"Exakte und Naturwissenschaften";"Naturwiss. fächerübergr./übrige";"Wissenschaftliche Mitarbeitende";"Mann";72;"MINT"
"Exakte und Naturwissenschaften";"Naturwiss. fächerübergr./übrige";"Wissenschaftliche Mitarbeitende";"Frau";43;"MINT"
"Exakte und Naturwissenschaften";"Naturwiss. fächerübergr./übrige";"Wissenschaftliche Mitarbeitende";"Total";115;"MINT"
"Exakte und Naturwissenschaften";"Naturwiss. fächerübergr./übrige";"Assistierende und Doktorierende";"Mann";89;"MINT"
"Exakte und Naturwissenschaften";"Naturwiss. fächerübergr./übrige";"Assistierende und Doktorierende";"Frau";76;"MINT"
"Exakte und Naturwissenschaften";"Naturwiss. fächerübergr./übrige";"Assistierende und Doktorierende";"Total";165;"MINT"
"Exakte und Naturwissenschaften";"Nicht zuteilbar";"Professor/innen";"Mann";NA;"MINT"
"Exakte und Naturwissenschaften";"Nicht zuteilbar";"Professor/innen";"Frau";NA;"MINT"
"Exakte und Naturwissenschaften";"Nicht zuteilbar";"Professor/innen";"Total";NA;"MINT"
"Exakte und Naturwissenschaften";"Nicht zuteilbar";"Übrige Dozierende";"Mann";NA;"MINT"
"Exakte und Naturwissenschaften";"Nicht zuteilbar";"Übrige Dozierende";"Frau";NA;"MINT"
"Exakte und Naturwissenschaften";"Nicht zuteilbar";"Übrige Dozierende";"Total";NA;"MINT"
"Exakte und Naturwissenschaften";"Nicht zuteilbar";"Wissenschaftliche Mitarbeitende";"Mann";3;"MINT"
"Exakte und Naturwissenschaften";"Nicht zuteilbar";"Wissenschaftliche Mitarbeitende";"Frau";NA;"MINT"
"Exakte und Naturwissenschaften";"Nicht zuteilbar";"Wissenschaftliche Mitarbeitende";"Total";3;"MINT"
"Exakte und Naturwissenschaften";"Nicht zuteilbar";"Assistierende und Doktorierende";"Mann";NA;"MINT"
"Exakte und Naturwissenschaften";"Nicht zuteilbar";"Assistierende und Doktorierende";"Frau";NA;"MINT"
"Exakte und Naturwissenschaften";"Nicht zuteilbar";"Assistierende und Doktorierende";"Total";NA;"MINT"
"Medizin und Pharmazie";"Medizin+Pharm. fächerübergr./übrige";"Professor/innen";"Mann";16;"LS"
"Medizin und Pharmazie";"Medizin+Pharm. fächerübergr./übrige";"Professor/innen";"Frau";3;"LS"
"Medizin und Pharmazie";"Medizin+Pharm. fächerübergr./übrige";"Professor/innen";"Total";19;"LS"
"Medizin und Pharmazie";"Medizin+Pharm. fächerübergr./übrige";"Übrige Dozierende";"Mann";19;"LS"
"Medizin und Pharmazie";"Medizin+Pharm. fächerübergr./übrige";"Übrige Dozierende";"Frau";11;"LS"
"Medizin und Pharmazie";"Medizin+Pharm. fächerübergr./übrige";"Übrige Dozierende";"Total";30;"LS"
"Medizin und Pharmazie";"Medizin+Pharm. fächerübergr./übrige";"Wissenschaftliche Mitarbeitende";"Mann";55;"LS"
"Medizin und Pharmazie";"Medizin+Pharm. fächerübergr./übrige";"Wissenschaftliche Mitarbeitende";"Frau";49;"LS"
"Medizin und Pharmazie";"Medizin+Pharm. fächerübergr./übrige";"Wissenschaftliche Mitarbeitende";"Total";104;"LS"
"Medizin und Pharmazie";"Medizin+Pharm. fächerübergr./übrige";"Assistierende und Doktorierende";"Mann";84;"LS"
"Medizin und Pharmazie";"Medizin+Pharm. fächerübergr./übrige";"Assistierende und Doktorierende";"Frau";88;"LS"
"Medizin und Pharmazie";"Medizin+Pharm. fächerübergr./übrige";"Assistierende und Doktorierende";"Total";172;"LS"
"Medizin und Pharmazie";"Pflegewissenschaften";"Professor/innen";"Mann";NA;"LS"
"Medizin und Pharmazie";"Pflegewissenschaften";"Professor/innen";"Frau";6;"LS"
"Medizin und Pharmazie";"Pflegewissenschaften";"Professor/innen";"Total";7;"LS"
"Medizin und Pharmazie";"Pflegewissenschaften";"Übrige Dozierende";"Mann";3;"LS"
"Medizin und Pharmazie";"Pflegewissenschaften";"Übrige Dozierende";"Frau";16;"LS"
"Medizin und Pharmazie";"Pflegewissenschaften";"Übrige Dozierende";"Total";19;"LS"
"Medizin und Pharmazie";"Pflegewissenschaften";"Wissenschaftliche Mitarbeitende";"Mann";3;"LS"
"Medizin und Pharmazie";"Pflegewissenschaften";"Wissenschaftliche Mitarbeitende";"Frau";14;"LS"
"Medizin und Pharmazie";"Pflegewissenschaften";"Wissenschaftliche Mitarbeitende";"Total";17;"LS"
"Medizin und Pharmazie";"Pflegewissenschaften";"Assistierende und Doktorierende";"Mann";5;"LS"
"Medizin und Pharmazie";"Pflegewissenschaften";"Assistierende und Doktorierende";"Frau";21;"LS"
"Medizin und Pharmazie";"Pflegewissenschaften";"Assistierende und Doktorierende";"Total";26;"LS"
"Medizin und Pharmazie";"Humanmedizin";"Professor/innen";"Mann";680;"LS"
"Medizin und Pharmazie";"Humanmedizin";"Professor/innen";"Frau";184;"LS"
"Medizin und Pharmazie";"Humanmedizin";"Professor/innen";"Total";864;"LS"
"Medizin und Pharmazie";"Humanmedizin";"Übrige Dozierende";"Mann";2328;"LS"
"Medizin und Pharmazie";"Humanmedizin";"Übrige Dozierende";"Frau";1012;"LS"
"Medizin und Pharmazie";"Humanmedizin";"Übrige Dozierende";"Total";3340;"LS"
"Medizin und Pharmazie";"Humanmedizin";"Wissenschaftliche Mitarbeitende";"Mann";935;"LS"
"Medizin und Pharmazie";"Humanmedizin";"Wissenschaftliche Mitarbeitende";"Frau";1081;"LS"
"Medizin und Pharmazie";"Humanmedizin";"Wissenschaftliche Mitarbeitende";"Total";2016;"LS"
"Medizin und Pharmazie";"Humanmedizin";"Assistierende und Doktorierende";"Mann";756;"LS"
"Medizin und Pharmazie";"Humanmedizin";"Assistierende und Doktorierende";"Frau";1163;"LS"
"Medizin und Pharmazie";"Humanmedizin";"Assistierende und Doktorierende";"Total";1919;"LS"
"Medizin und Pharmazie";"Zahnmedizin";"Professor/innen";"Mann";24;"LS"
"Medizin und Pharmazie";"Zahnmedizin";"Professor/innen";"Frau";8;"LS"
"Medizin und Pharmazie";"Zahnmedizin";"Professor/innen";"Total";32;"LS"
"Medizin und Pharmazie";"Zahnmedizin";"Übrige Dozierende";"Mann";127;"LS"
"Medizin und Pharmazie";"Zahnmedizin";"Übrige Dozierende";"Frau";33;"LS"
"Medizin und Pharmazie";"Zahnmedizin";"Übrige Dozierende";"Total";160;"LS"
"Medizin und Pharmazie";"Zahnmedizin";"Wissenschaftliche Mitarbeitende";"Mann";75;"LS"
"Medizin und Pharmazie";"Zahnmedizin";"Wissenschaftliche Mitarbeitende";"Frau";92;"LS"
"Medizin und Pharmazie";"Zahnmedizin";"Wissenschaftliche Mitarbeitende";"Total";167;"LS"
"Medizin und Pharmazie";"Zahnmedizin";"Assistierende und Doktorierende";"Mann";65;"LS"
"Medizin und Pharmazie";"Zahnmedizin";"Assistierende und Doktorierende";"Frau";96;"LS"
"Medizin und Pharmazie";"Zahnmedizin";"Assistierende und Doktorierende";"Total";161;"LS"
"Medizin und Pharmazie";"Veterinärmedizin";"Professor/innen";"Mann";50;"LS"
"Medizin und Pharmazie";"Veterinärmedizin";"Professor/innen";"Frau";32;"LS"
"Medizin und Pharmazie";"Veterinärmedizin";"Professor/innen";"Total";82;"LS"
"Medizin und Pharmazie";"Veterinärmedizin";"Übrige Dozierende";"Mann";33;"LS"
"Medizin und Pharmazie";"Veterinärmedizin";"Übrige Dozierende";"Frau";23;"LS"
"Medizin und Pharmazie";"Veterinärmedizin";"Übrige Dozierende";"Total";56;"LS"
"Medizin und Pharmazie";"Veterinärmedizin";"Wissenschaftliche Mitarbeitende";"Mann";106;"LS"
"Medizin und Pharmazie";"Veterinärmedizin";"Wissenschaftliche Mitarbeitende";"Frau";205;"LS"
"Medizin und Pharmazie";"Veterinärmedizin";"Wissenschaftliche Mitarbeitende";"Total";311;"LS"
"Medizin und Pharmazie";"Veterinärmedizin";"Assistierende und Doktorierende";"Mann";120;"LS"
"Medizin und Pharmazie";"Veterinärmedizin";"Assistierende und Doktorierende";"Frau";282;"LS"
"Medizin und Pharmazie";"Veterinärmedizin";"Assistierende und Doktorierende";"Total";402;"LS"
"Medizin und Pharmazie";"Pharmazie";"Professor/innen";"Mann";28;"LS"
"Medizin und Pharmazie";"Pharmazie";"Professor/innen";"Frau";11;"LS"
"Medizin und Pharmazie";"Pharmazie";"Professor/innen";"Total";39;"LS"
"Medizin und Pharmazie";"Pharmazie";"Übrige Dozierende";"Mann";58;"LS"
"Medizin und Pharmazie";"Pharmazie";"Übrige Dozierende";"Frau";24;"LS"
"Medizin und Pharmazie";"Pharmazie";"Übrige Dozierende";"Total";82;"LS"
"Medizin und Pharmazie";"Pharmazie";"Wissenschaftliche Mitarbeitende";"Mann";50;"LS"
"Medizin und Pharmazie";"Pharmazie";"Wissenschaftliche Mitarbeitende";"Frau";53;"LS"
"Medizin und Pharmazie";"Pharmazie";"Wissenschaftliche Mitarbeitende";"Total";103;"LS"
"Medizin und Pharmazie";"Pharmazie";"Assistierende und Doktorierende";"Mann";104;"LS"
"Medizin und Pharmazie";"Pharmazie";"Assistierende und Doktorierende";"Frau";113;"LS"
"Medizin und Pharmazie";"Pharmazie";"Assistierende und Doktorierende";"Total";217;"LS"
"Medizin und Pharmazie";"Nicht zuteilbar";"Professor/innen";"Mann";NA;"LS"
"Medizin und Pharmazie";"Nicht zuteilbar";"Professor/innen";"Frau";NA;"LS"
"Medizin und Pharmazie";"Nicht zuteilbar";"Professor/innen";"Total";NA;"LS"
"Medizin und Pharmazie";"Nicht zuteilbar";"Übrige Dozierende";"Mann";NA;"LS"
"Medizin und Pharmazie";"Nicht zuteilbar";"Übrige Dozierende";"Frau";NA;"LS"
"Medizin und Pharmazie";"Nicht zuteilbar";"Übrige Dozierende";"Total";NA;"LS"
"Medizin und Pharmazie";"Nicht zuteilbar";"Wissenschaftliche Mitarbeitende";"Mann";NA;"LS"
"Medizin und Pharmazie";"Nicht zuteilbar";"Wissenschaftliche Mitarbeitende";"Frau";NA;"LS"
"Medizin und Pharmazie";"Nicht zuteilbar";"Wissenschaftliche Mitarbeitende";"Total";NA;"LS"
"Medizin und Pharmazie";"Nicht zuteilbar";"Assistierende und Doktorierende";"Mann";NA;"LS"
"Medizin und Pharmazie";"Nicht zuteilbar";"Assistierende und Doktorierende";"Frau";NA;"LS"
"Medizin und Pharmazie";"Nicht zuteilbar";"Assistierende und Doktorierende";"Total";NA;"LS"
"Technische Wissenschaften";"Techn. Wiss., übrige";"Professor/innen";"Mann";20;"MINT"
"Technische Wissenschaften";"Techn. Wiss., übrige";"Professor/innen";"Frau";8;"MINT"
"Technische Wissenschaften";"Techn. Wiss., übrige";"Professor/innen";"Total";28;"MINT"
"Technische Wissenschaften";"Techn. Wiss., übrige";"Übrige Dozierende";"Mann";91;"MINT"
"Technische Wissenschaften";"Techn. Wiss., übrige";"Übrige Dozierende";"Frau";40;"MINT"
"Technische Wissenschaften";"Techn. Wiss., übrige";"Übrige Dozierende";"Total";131;"MINT"
"Technische Wissenschaften";"Techn. Wiss., übrige";"Wissenschaftliche Mitarbeitende";"Mann";106;"MINT"
"Technische Wissenschaften";"Techn. Wiss., übrige";"Wissenschaftliche Mitarbeitende";"Frau";43;"MINT"
"Technische Wissenschaften";"Techn. Wiss., übrige";"Wissenschaftliche Mitarbeitende";"Total";149;"MINT"
"Technische Wissenschaften";"Techn. Wiss., übrige";"Assistierende und Doktorierende";"Mann";172;"MINT"
"Technische Wissenschaften";"Techn. Wiss., übrige";"Assistierende und Doktorierende";"Frau";118;"MINT"
"Technische Wissenschaften";"Techn. Wiss., übrige";"Assistierende und Doktorierende";"Total";290;"MINT"
"Technische Wissenschaften";"Bauingenieurwesen";"Professor/innen";"Mann";30;"MINT"
"Technische Wissenschaften";"Bauingenieurwesen";"Professor/innen";"Frau";5;"MINT"
"Technische Wissenschaften";"Bauingenieurwesen";"Professor/innen";"Total";35;"MINT"
"Technische Wissenschaften";"Bauingenieurwesen";"Übrige Dozierende";"Mann";86;"MINT"
"Technische Wissenschaften";"Bauingenieurwesen";"Übrige Dozierende";"Frau";12;"MINT"
"Technische Wissenschaften";"Bauingenieurwesen";"Übrige Dozierende";"Total";98;"MINT"
"Technische Wissenschaften";"Bauingenieurwesen";"Wissenschaftliche Mitarbeitende";"Mann";89;"MINT"
"Technische Wissenschaften";"Bauingenieurwesen";"Wissenschaftliche Mitarbeitende";"Frau";25;"MINT"
"Technische Wissenschaften";"Bauingenieurwesen";"Wissenschaftliche Mitarbeitende";"Total";114;"MINT"
"Technische Wissenschaften";"Bauingenieurwesen";"Assistierende und Doktorierende";"Mann";230;"MINT"
"Technische Wissenschaften";"Bauingenieurwesen";"Assistierende und Doktorierende";"Frau";116;"MINT"
"Technische Wissenschaften";"Bauingenieurwesen";"Assistierende und Doktorierende";"Total";346;"MINT"
"Technische Wissenschaften";"Architektur + Planung";"Professor/innen";"Mann";69;"MINT"
"Technische Wissenschaften";"Architektur + Planung";"Professor/innen";"Frau";16;"MINT"
"Technische Wissenschaften";"Architektur + Planung";"Professor/innen";"Total";85;"MINT"
"Technische Wissenschaften";"Architektur + Planung";"Übrige Dozierende";"Mann";74;"MINT"
"Technische Wissenschaften";"Architektur + Planung";"Übrige Dozierende";"Frau";33;"MINT"
"Technische Wissenschaften";"Architektur + Planung";"Übrige Dozierende";"Total";107;"MINT"
"Technische Wissenschaften";"Architektur + Planung";"Wissenschaftliche Mitarbeitende";"Mann";157;"MINT"
"Technische Wissenschaften";"Architektur + Planung";"Wissenschaftliche Mitarbeitende";"Frau";130;"MINT"
"Technische Wissenschaften";"Architektur + Planung";"Wissenschaftliche Mitarbeitende";"Total";287;"MINT"
"Technische Wissenschaften";"Architektur + Planung";"Assistierende und Doktorierende";"Mann";397;"MINT"
"Technische Wissenschaften";"Architektur + Planung";"Assistierende und Doktorierende";"Frau";314;"MINT"
"Technische Wissenschaften";"Architektur + Planung";"Assistierende und Doktorierende";"Total";711;"MINT"
"Technische Wissenschaften";"Chemieingenieurwesen";"Professor/innen";"Mann";7;"MINT"
"Technische Wissenschaften";"Chemieingenieurwesen";"Professor/innen";"Frau";NA;"MINT"
"Technische Wissenschaften";"Chemieingenieurwesen";"Professor/innen";"Total";7;"MINT"
"Technische Wissenschaften";"Chemieingenieurwesen";"Übrige Dozierende";"Mann";3;"MINT"
"Technische Wissenschaften";"Chemieingenieurwesen";"Übrige Dozierende";"Frau";NA;"MINT"
"Technische Wissenschaften";"Chemieingenieurwesen";"Übrige Dozierende";"Total";5;"MINT"
"Technische Wissenschaften";"Chemieingenieurwesen";"Wissenschaftliche Mitarbeitende";"Mann";23;"MINT"
"Technische Wissenschaften";"Chemieingenieurwesen";"Wissenschaftliche Mitarbeitende";"Frau";5;"MINT"
"Technische Wissenschaften";"Chemieingenieurwesen";"Wissenschaftliche Mitarbeitende";"Total";28;"MINT"
"Technische Wissenschaften";"Chemieingenieurwesen";"Assistierende und Doktorierende";"Mann";67;"MINT"
"Technische Wissenschaften";"Chemieingenieurwesen";"Assistierende und Doktorierende";"Frau";31;"MINT"
"Technische Wissenschaften";"Chemieingenieurwesen";"Assistierende und Doktorierende";"Total";98;"MINT"
"Technische Wissenschaften";"Mikrotechnik";"Professor/innen";"Mann";21;"MINT"
"Technische Wissenschaften";"Mikrotechnik";"Professor/innen";"Frau";5;"MINT"
"Technische Wissenschaften";"Mikrotechnik";"Professor/innen";"Total";26;"MINT"
"Technische Wissenschaften";"Mikrotechnik";"Übrige Dozierende";"Mann";9;"MINT"
"Technische Wissenschaften";"Mikrotechnik";"Übrige Dozierende";"Frau";NA;"MINT"
"Technische Wissenschaften";"Mikrotechnik";"Übrige Dozierende";"Total";10;"MINT"
"Technische Wissenschaften";"Mikrotechnik";"Wissenschaftliche Mitarbeitende";"Mann";116;"MINT"
"Technische Wissenschaften";"Mikrotechnik";"Wissenschaftliche Mitarbeitende";"Frau";30;"MINT"
"Technische Wissenschaften";"Mikrotechnik";"Wissenschaftliche Mitarbeitende";"Total";146;"MINT"
"Technische Wissenschaften";"Mikrotechnik";"Assistierende und Doktorierende";"Mann";184;"MINT"
"Technische Wissenschaften";"Mikrotechnik";"Assistierende und Doktorierende";"Frau";64;"MINT"
"Technische Wissenschaften";"Mikrotechnik";"Assistierende und Doktorierende";"Total";248;"MINT"
"Technische Wissenschaften";"Elektroingenieurwesen";"Professor/innen";"Mann";47;"MINT"
"Technische Wissenschaften";"Elektroingenieurwesen";"Professor/innen";"Frau";7;"MINT"
"Technische Wissenschaften";"Elektroingenieurwesen";"Professor/innen";"Total";54;"MINT"
"Technische Wissenschaften";"Elektroingenieurwesen";"Übrige Dozierende";"Mann";58;"MINT"
"Technische Wissenschaften";"Elektroingenieurwesen";"Übrige Dozierende";"Frau";6;"MINT"
"Technische Wissenschaften";"Elektroingenieurwesen";"Übrige Dozierende";"Total";64;"MINT"
"Technische Wissenschaften";"Elektroingenieurwesen";"Wissenschaftliche Mitarbeitende";"Mann";152;"MINT"
"Technische Wissenschaften";"Elektroingenieurwesen";"Wissenschaftliche Mitarbeitende";"Frau";35;"MINT"
"Technische Wissenschaften";"Elektroingenieurwesen";"Wissenschaftliche Mitarbeitende";"Total";187;"MINT"
"Technische Wissenschaften";"Elektroingenieurwesen";"Assistierende und Doktorierende";"Mann";571;"MINT"
"Technische Wissenschaften";"Elektroingenieurwesen";"Assistierende und Doktorierende";"Frau";158;"MINT"
"Technische Wissenschaften";"Elektroingenieurwesen";"Assistierende und Doktorierende";"Total";729;"MINT"
"Technische Wissenschaften";"Kommunikationssysteme";"Professor/innen";"Mann";13;"MINT"
"Technische Wissenschaften";"Kommunikationssysteme";"Professor/innen";"Frau";NA;"MINT"
"Technische Wissenschaften";"Kommunikationssysteme";"Professor/innen";"Total";15;"MINT"
"Technische Wissenschaften";"Kommunikationssysteme";"Übrige Dozierende";"Mann";8;"MINT"
"Technische Wissenschaften";"Kommunikationssysteme";"Übrige Dozierende";"Frau";NA;"MINT"
"Technische Wissenschaften";"Kommunikationssysteme";"Übrige Dozierende";"Total";9;"MINT"
"Technische Wissenschaften";"Kommunikationssysteme";"Wissenschaftliche Mitarbeitende";"Mann";18;"MINT"
"Technische Wissenschaften";"Kommunikationssysteme";"Wissenschaftliche Mitarbeitende";"Frau";3;"MINT"
"Technische Wissenschaften";"Kommunikationssysteme";"Wissenschaftliche Mitarbeitende";"Total";21;"MINT"
"Technische Wissenschaften";"Kommunikationssysteme";"Assistierende und Doktorierende";"Mann";48;"MINT"
"Technische Wissenschaften";"Kommunikationssysteme";"Assistierende und Doktorierende";"Frau";17;"MINT"
"Technische Wissenschaften";"Kommunikationssysteme";"Assistierende und Doktorierende";"Total";65;"MINT"
"Technische Wissenschaften";"Maschineningenieurwesen";"Professor/innen";"Mann";55;"MINT"
"Technische Wissenschaften";"Maschineningenieurwesen";"Professor/innen";"Frau";11;"MINT"
"Technische Wissenschaften";"Maschineningenieurwesen";"Professor/innen";"Total";66;"MINT"
"Technische Wissenschaften";"Maschineningenieurwesen";"Übrige Dozierende";"Mann";94;"MINT"
"Technische Wissenschaften";"Maschineningenieurwesen";"Übrige Dozierende";"Frau";6;"MINT"
"Technische Wissenschaften";"Maschineningenieurwesen";"Übrige Dozierende";"Total";100;"MINT"
"Technische Wissenschaften";"Maschineningenieurwesen";"Wissenschaftliche Mitarbeitende";"Mann";168;"MINT"
"Technische Wissenschaften";"Maschineningenieurwesen";"Wissenschaftliche Mitarbeitende";"Frau";37;"MINT"
"Technische Wissenschaften";"Maschineningenieurwesen";"Wissenschaftliche Mitarbeitende";"Total";205;"MINT"
"Technische Wissenschaften";"Maschineningenieurwesen";"Assistierende und Doktorierende";"Mann";744;"MINT"
"Technische Wissenschaften";"Maschineningenieurwesen";"Assistierende und Doktorierende";"Frau";187;"MINT"
"Technische Wissenschaften";"Maschineningenieurwesen";"Assistierende und Doktorierende";"Total";931;"MINT"
"Technische Wissenschaften";"Betriebs- + Produktionsw.";"Professor/innen";"Mann";23;"MINT"
"Technische Wissenschaften";"Betriebs- + Produktionsw.";"Professor/innen";"Frau";4;"MINT"
"Technische Wissenschaften";"Betriebs- + Produktionsw.";"Professor/innen";"Total";27;"MINT"
"Technische Wissenschaften";"Betriebs- + Produktionsw.";"Übrige Dozierende";"Mann";45;"MINT"
"Technische Wissenschaften";"Betriebs- + Produktionsw.";"Übrige Dozierende";"Frau";8;"MINT"
"Technische Wissenschaften";"Betriebs- + Produktionsw.";"Übrige Dozierende";"Total";53;"MINT"
"Technische Wissenschaften";"Betriebs- + Produktionsw.";"Wissenschaftliche Mitarbeitende";"Mann";43;"MINT"
"Technische Wissenschaften";"Betriebs- + Produktionsw.";"Wissenschaftliche Mitarbeitende";"Frau";36;"MINT"
"Technische Wissenschaften";"Betriebs- + Produktionsw.";"Wissenschaftliche Mitarbeitende";"Total";79;"MINT"
"Technische Wissenschaften";"Betriebs- + Produktionsw.";"Assistierende und Doktorierende";"Mann";137;"MINT"
"Technische Wissenschaften";"Betriebs- + Produktionsw.";"Assistierende und Doktorierende";"Frau";100;"MINT"
"Technische Wissenschaften";"Betriebs- + Produktionsw.";"Assistierende und Doktorierende";"Total";237;"MINT"
"Technische Wissenschaften";"Materialwissenschaften";"Professor/innen";"Mann";22;"MINT"
"Technische Wissenschaften";"Materialwissenschaften";"Professor/innen";"Frau";9;"MINT"
"Technische Wissenschaften";"Materialwissenschaften";"Professor/innen";"Total";31;"MINT"
"Technische Wissenschaften";"Materialwissenschaften";"Übrige Dozierende";"Mann";30;"MINT"
"Technische Wissenschaften";"Materialwissenschaften";"Übrige Dozierende";"Frau";NA;"MINT"
"Technische Wissenschaften";"Materialwissenschaften";"Übrige Dozierende";"Total";31;"MINT"
"Technische Wissenschaften";"Materialwissenschaften";"Wissenschaftliche Mitarbeitende";"Mann";96;"MINT"
"Technische Wissenschaften";"Materialwissenschaften";"Wissenschaftliche Mitarbeitende";"Frau";33;"MINT"
"Technische Wissenschaften";"Materialwissenschaften";"Wissenschaftliche Mitarbeitende";"Total";129;"MINT"
"Technische Wissenschaften";"Materialwissenschaften";"Assistierende und Doktorierende";"Mann";198;"MINT"
"Technische Wissenschaften";"Materialwissenschaften";"Assistierende und Doktorierende";"Frau";117;"MINT"
"Technische Wissenschaften";"Materialwissenschaften";"Assistierende und Doktorierende";"Total";315;"MINT"
"Technische Wissenschaften";"Kulturtechnik + Vermessung";"Professor/innen";"Mann";31;"MINT"
"Technische Wissenschaften";"Kulturtechnik + Vermessung";"Professor/innen";"Frau";8;"MINT"
"Technische Wissenschaften";"Kulturtechnik + Vermessung";"Professor/innen";"Total";39;"MINT"
"Technische Wissenschaften";"Kulturtechnik + Vermessung";"Übrige Dozierende";"Mann";31;"MINT"
"Technische Wissenschaften";"Kulturtechnik + Vermessung";"Übrige Dozierende";"Frau";3;"MINT"
"Technische Wissenschaften";"Kulturtechnik + Vermessung";"Übrige Dozierende";"Total";34;"MINT"
"Technische Wissenschaften";"Kulturtechnik + Vermessung";"Wissenschaftliche Mitarbeitende";"Mann";106;"MINT"
"Technische Wissenschaften";"Kulturtechnik + Vermessung";"Wissenschaftliche Mitarbeitende";"Frau";42;"MINT"
"Technische Wissenschaften";"Kulturtechnik + Vermessung";"Wissenschaftliche Mitarbeitende";"Total";148;"MINT"
"Technische Wissenschaften";"Kulturtechnik + Vermessung";"Assistierende und Doktorierende";"Mann";193;"MINT"
"Technische Wissenschaften";"Kulturtechnik + Vermessung";"Assistierende und Doktorierende";"Frau";123;"MINT"
"Technische Wissenschaften";"Kulturtechnik + Vermessung";"Assistierende und Doktorierende";"Total";316;"MINT"
"Technische Wissenschaften";"Forstwirtschaft";"Professor/innen";"Mann";NA;"MINT"
"Technische Wissenschaften";"Forstwirtschaft";"Professor/innen";"Frau";NA;"MINT"
"Technische Wissenschaften";"Forstwirtschaft";"Professor/innen";"Total";NA;"MINT"
"Technische Wissenschaften";"Forstwirtschaft";"Übrige Dozierende";"Mann";NA;"MINT"
"Technische Wissenschaften";"Forstwirtschaft";"Übrige Dozierende";"Frau";NA;"MINT"
"Technische Wissenschaften";"Forstwirtschaft";"Übrige Dozierende";"Total";NA;"MINT"
"Technische Wissenschaften";"Forstwirtschaft";"Wissenschaftliche Mitarbeitende";"Mann";NA;"MINT"
"Technische Wissenschaften";"Forstwirtschaft";"Wissenschaftliche Mitarbeitende";"Frau";NA;"MINT"
"Technische Wissenschaften";"Forstwirtschaft";"Wissenschaftliche Mitarbeitende";"Total";3;"MINT"
"Technische Wissenschaften";"Forstwirtschaft";"Assistierende und Doktorierende";"Mann";14;"MINT"
"Technische Wissenschaften";"Forstwirtschaft";"Assistierende und Doktorierende";"Frau";18;"MINT"
"Technische Wissenschaften";"Forstwirtschaft";"Assistierende und Doktorierende";"Total";32;"MINT"
"Technische Wissenschaften";"Agrarwirtschaft";"Professor/innen";"Mann";10;"MINT"
"Technische Wissenschaften";"Agrarwirtschaft";"Professor/innen";"Frau";3;"MINT"
"Technische Wissenschaften";"Agrarwirtschaft";"Professor/innen";"Total";13;"MINT"
"Technische Wissenschaften";"Agrarwirtschaft";"Übrige Dozierende";"Mann";7;"MINT"
"Technische Wissenschaften";"Agrarwirtschaft";"Übrige Dozierende";"Frau";NA;"MINT"
"Technische Wissenschaften";"Agrarwirtschaft";"Übrige Dozierende";"Total";9;"MINT"
"Technische Wissenschaften";"Agrarwirtschaft";"Wissenschaftliche Mitarbeitende";"Mann";20;"MINT"
"Technische Wissenschaften";"Agrarwirtschaft";"Wissenschaftliche Mitarbeitende";"Frau";19;"MINT"
"Technische Wissenschaften";"Agrarwirtschaft";"Wissenschaftliche Mitarbeitende";"Total";39;"MINT"
"Technische Wissenschaften";"Agrarwirtschaft";"Assistierende und Doktorierende";"Mann";49;"MINT"
"Technische Wissenschaften";"Agrarwirtschaft";"Assistierende und Doktorierende";"Frau";78;"MINT"
"Technische Wissenschaften";"Agrarwirtschaft";"Assistierende und Doktorierende";"Total";127;"MINT"
"Technische Wissenschaften";"Lebensmittelwissenschaft";"Professor/innen";"Mann";10;"MINT"
"Technische Wissenschaften";"Lebensmittelwissenschaft";"Professor/innen";"Frau";3;"MINT"
"Technische Wissenschaften";"Lebensmittelwissenschaft";"Professor/innen";"Total";13;"MINT"
"Technische Wissenschaften";"Lebensmittelwissenschaft";"Übrige Dozierende";"Mann";3;"MINT"
"Technische Wissenschaften";"Lebensmittelwissenschaft";"Übrige Dozierende";"Frau";NA;"MINT"
"Technische Wissenschaften";"Lebensmittelwissenschaft";"Übrige Dozierende";"Total";3;"MINT"
"Technische Wissenschaften";"Lebensmittelwissenschaft";"Wissenschaftliche Mitarbeitende";"Mann";30;"MINT"
"Technische Wissenschaften";"Lebensmittelwissenschaft";"Wissenschaftliche Mitarbeitende";"Frau";31;"MINT"
"Technische Wissenschaften";"Lebensmittelwissenschaft";"Wissenschaftliche Mitarbeitende";"Total";61;"MINT"
"Technische Wissenschaften";"Lebensmittelwissenschaft";"Assistierende und Doktorierende";"Mann";45;"MINT"
"Technische Wissenschaften";"Lebensmittelwissenschaft";"Assistierende und Doktorierende";"Frau";97;"MINT"
"Technische Wissenschaften";"Lebensmittelwissenschaft";"Assistierende und Doktorierende";"Total";142;"MINT"
"Technische Wissenschaften";"Nicht zuteilbar";"Professor/innen";"Mann";NA;"MINT"
"Technische Wissenschaften";"Nicht zuteilbar";"Professor/innen";"Frau";NA;"MINT"
"Technische Wissenschaften";"Nicht zuteilbar";"Professor/innen";"Total";NA;"MINT"
"Technische Wissenschaften";"Nicht zuteilbar";"Übrige Dozierende";"Mann";NA;"MINT"
"Technische Wissenschaften";"Nicht zuteilbar";"Übrige Dozierende";"Frau";NA;"MINT"
"Technische Wissenschaften";"Nicht zuteilbar";"Übrige Dozierende";"Total";NA;"MINT"
"Technische Wissenschaften";"Nicht zuteilbar";"Wissenschaftliche Mitarbeitende";"Mann";NA;"MINT"
"Technische Wissenschaften";"Nicht zuteilbar";"Wissenschaftliche Mitarbeitende";"Frau";NA;"MINT"
"Technische Wissenschaften";"Nicht zuteilbar";"Wissenschaftliche Mitarbeitende";"Total";NA;"MINT"
"Technische Wissenschaften";"Nicht zuteilbar";"Assistierende und Doktorierende";"Mann";NA;"MINT"
"Technische Wissenschaften";"Nicht zuteilbar";"Assistierende und Doktorierende";"Frau";3;"MINT"
"Technische Wissenschaften";"Nicht zuteilbar";"Assistierende und Doktorierende";"Total";3;"MINT"
